sample	0	1	2	5	13	20	37	38	42	82	137	141	142	143	144	145	146	147	148	149	150	151	152	153	154	155	156	157	158	159	160	162	163	166	172	175	178	183	184	185	187	188	189	190
Acer100_S145_L001	95	2	0	0	0	0	0	0	0	0	0	0	0	2	0	1	2	3	0	3	8	6	2	9	12	14	19	107	2	0	0	0	0	0	0	1	0	0	0	0	0	0	0	6
Acer101_S157_L001	1	0	0	0	0	0	0	0	0	0	0	0	0	0	0	0	0	0	0	0	0	0	0	0	1	0	1	11	0	0	0	0	0	0	0	0	0	0	0	0	0	0	0	3
Acer102_S169_L001	25	1	0	0	0	0	0	0	0	0	0	0	0	0	1	0	0	0	0	1	0	0	0	0	0	1	1	17	0	0	0	0	0	0	0	0	0	0	0	0	0	0	0	3
Acer103_S181_L001	62	1	0	0	0	0	0	0	0	0	0	0	0	0	0	1	0	2	0	0	1	2	1	2	1	0	8	71	1	0	0	0	0	0	0	0	0	0	0	0	0	0	0	5
Acer104_S98_L001	6	0	0	0	0	0	0	0	0	0	0	0	0	0	0	1	0	1	0	0	0	0	0	0	0	0	2	11	0	0	0	0	0	0	0	0	0	0	0	0	0	0	0	1
Acer105_S110_L001	2	0	0	0	0	0	0	0	0	0	0	0	0	0	0	0	0	0	0	0	0	0	0	0	0	0	3	12	0	0	0	0	0	0	0	0	0	0	0	0	0	0	0	2
Acer106_S122_L001	37	0	0	0	0	0	0	0	0	0	0	0	0	0	0	1	0	1	0	1	1	1	2	1	1	3	2	33	0	0	0	0	0	0	0	0	0	0	0	0	0	0	0	5
Acer107_S134_L001	32	0	0	0	0	0	0	0	0	0	0	0	0	0	2	0	0	2	0	0	1	1	2	1	2	2	4	46	2	0	0	0	0	0	0	0	0	0	0	0	0	0	0	6
Acer108_S146_L001	21	2	0	0	0	0	0	0	0	0	0	0	1	2	1	0	0	2	1	0	2	1	1	2	0	2	2	33	1	0	0	0	0	0	0	0	0	0	0	0	0	0	0	4
Acer109_S158_L001	10	0	0	0	0	0	0	0	0	0	0	0	0	0	0	0	0	0	0	0	0	0	0	0	0	0	1	7	1	0	0	0	0	0	0	0	0	0	0	0	0	0	0	2
Acer10_S10_L001	7	0	0	0	0	0	0	0	0	0	0	0	0	0	0	0	0	0	0	0	0	0	0	1	0	1	1	7	0	0	0	0	0	0	0	0	0	0	0	0	0	0	0	1
Acer110_S170_L001	7	0	0	0	0	0	0	0	0	0	0	1	0	0	1	0	0	0	0	0	0	0	0	0	0	0	1	10	1	0	0	0	0	0	0	0	0	0	0	0	0	0	0	1
Acer111_S182_L001	8	0	0	0	0	0	0	0	0	0	0	0	0	0	0	0	0	0	0	0	0	0	0	0	0	0	1	8	0	0	0	0	0	0	0	0	0	0	0	0	0	0	0	1
Acer112_S99_L001	8	0	0	0	0	0	0	0	0	0	0	0	0	2	0	1	0	0	0	0	0	2	0	0	1	0	3	29	0	0	0	0	0	0	0	0	0	0	0	0	0	0	0	3
Acer113_S111_L001	19	0	0	0	0	0	0	0	0	0	0	0	0	0	0	0	0	0	0	0	0	0	1	0	1	0	2	24	1	0	0	0	0	0	0	0	0	0	0	0	0	0	0	6
Acer114_S123_L001	8	0	0	0	0	0	0	0	0	0	0	0	0	0	0	0	0	2	0	0	0	0	1	0	0	0	1	19	1	0	0	0	0	0	0	0	0	0	0	0	0	0	0	4
Acer115_S135_L001	3	0	0	0	0	0	0	0	0	0	0	0	0	0	0	0	0	0	0	0	0	0	0	0	0	0	1	8	0	0	0	0	0	0	0	0	0	0	0	0	0	0	0	1
Acer116_S147_L001	13	0	0	0	0	0	0	0	0	0	0	0	0	0	0	0	0	0	0	0	0	0	0	0	0	0	3	19	0	0	0	0	0	0	0	0	0	0	0	0	0	0	0	1
Acer117_S159_L001	36	1	0	0	0	0	0	0	0	0	0	0	0	2	0	0	0	0	0	0	2	2	1	2	0	1	4	45	2	0	0	0	0	0	0	0	0	0	0	0	0	0	0	6
Acer118_S171_L001	38	1	0	0	0	0	0	0	0	0	0	0	0	0	0	0	1	1	0	0	1	0	0	1	0	0	6	40	1	0	0	0	0	0	0	0	0	0	0	0	0	0	1	5
Acer119_S183_L001	2	0	0	0	0	0	0	0	0	0	0	0	0	0	0	0	0	0	0	0	0	0	0	0	0	0	1	5	0	0	0	0	0	0	0	0	0	0	0	0	0	0	0	1
Acer11_S11_L001	2	0	0	0	0	0	0	0	0	0	0	0	0	0	0	1	0	0	0	0	0	0	0	0	0	0	2	6	0	0	0	0	0	0	0	0	0	0	0	0	0	0	0	1
Acer120_S100_L001	29	1	0	0	0	0	0	0	0	0	0	0	0	0	1	0	2	0	0	0	2	1	0	1	1	0	4	31	0	0	0	0	0	0	0	0	0	0	0	0	0	0	0	5
Acer121_S112_L001	2	0	0	0	0	0	0	0	0	0	0	0	0	0	0	0	0	0	0	0	0	0	0	0	0	0	1	6	0	0	0	0	0	0	0	0	0	0	0	0	0	0	0	1
Acer122_S124_L001	22	0	0	0	0	0	0	0	0	0	0	0	0	0	1	1	0	0	0	1	0	1	2	0	6	0	3	27	1	0	0	0	0	0	0	0	0	0	0	0	0	0	0	1
Acer123_S136_L001	33	2	0	0	0	0	0	0	0	0	0	0	0	0	1	0	1	1	0	0	1	0	0	0	1	0	7	47	3	0	0	1	0	0	0	0	0	0	0	0	0	0	0	6
Acer124_S148_L001	10	0	0	0	0	0	0	0	0	0	0	0	0	0	0	0	0	0	0	0	0	0	0	0	0	0	2	9	1	0	0	0	0	0	0	0	0	0	0	0	0	0	0	1
Acer125_S160_L001	9	1	0	0	0	0	0	0	0	0	0	0	0	0	0	0	0	0	1	0	0	0	0	0	0	0	1	11	0	0	0	0	0	0	0	0	0	0	0	0	0	0	0	2
Acer126_S172_L001	20	0	0	0	0	0	0	0	0	0	0	0	0	0	0	1	1	2	2	0	0	1	0	0	0	0	4	36	1	0	0	0	0	0	0	0	0	0	0	0	0	0	0	5
Acer127_S184_L001	14	1	0	0	0	0	0	0	0	0	0	0	0	0	1	0	1	0	0	1	1	3	0	1	0	0	3	32	0	0	0	0	0	0	0	0	0	0	0	0	0	0	0	3
Acer128_S101_L001	24	1	0	0	0	0	0	0	0	0	0	0	0	0	0	0	0	0	1	0	0	1	2	3	0	1	2	34	1	0	0	0	0	0	0	0	0	0	0	0	0	0	0	4
Acer129_S113_L001	37	2	0	0	0	0	0	0	0	0	0	0	0	0	0	1	1	1	0	1	4	2	0	0	1	2	8	43	1	0	0	0	0	0	0	0	0	0	0	0	0	0	1	6
Acer12_S12_L001	3	1	0	0	0	0	0	0	0	0	0	0	0	0	0	0	0	0	0	0	0	0	0	0	0	0	2	8	0	0	0	0	0	0	0	0	0	0	0	0	0	0	0	1
Acer130_S125_L001	6	0	0	0	0	0	0	0	0	0	0	0	0	0	0	0	0	0	0	0	0	0	0	0	0	0	4	17	2	0	0	0	0	0	0	0	0	0	0	0	0	0	0	2
Acer131_S137_L001	52	1	0	0	0	0	0	0	0	0	0	0	0	0	0	0	0	0	1	1	3	1	0	1	1	1	5	44	2	0	0	0	0	0	0	0	0	0	0	0	0	0	6	6
Acer132_S149_L001	23	2	0	0	0	0	0	0	0	0	0	0	0	0	1	0	0	0	2	1	2	2	0	1	0	0	3	42	1	1	0	0	0	0	0	0	0	0	0	0	0	0	0	6
Acer133_S161_L001	41	4	0	0	0	0	0	0	0	0	0	0	0	0	1	0	0	1	1	1	1	3	0	1	1	0	5	42	0	0	0	0	0	0	0	0	0	0	0	0	0	0	0	6
Acer134_S173_L001	47	2	0	0	0	0	0	0	0	0	0	0	0	0	0	0	2	0	0	0	4	1	0	0	0	0	5	39	0	0	0	0	0	0	0	0	0	0	0	0	0	0	0	6
Acer135_S185_L001	14	1	0	0	0	0	0	0	0	0	0	0	0	0	1	0	0	0	0	0	3	2	0	1	0	1	2	39	1	1	0	0	0	0	0	0	0	0	0	0	0	0	0	6
Acer136_S102_L001	12	0	0	0	0	0	0	0	0	0	0	1	0	0	0	0	1	0	0	0	0	0	0	0	0	0	1	11	0	0	0	0	0	0	0	0	0	0	0	0	0	0	0	2
Acer137_S114_L001	8	0	0	0	0	0	0	0	0	0	0	0	0	1	0	0	0	0	0	0	0	0	0	0	0	0	2	7	0	0	0	0	0	0	0	0	0	0	0	0	0	0	0	1
Acer138_S126_L001	4	0	0	0	0	0	0	0	0	0	0	0	0	0	0	0	0	0	0	0	0	0	0	0	0	0	0	6	0	0	0	0	0	0	0	0	0	0	0	0	0	0	0	1
Acer139_S138_L001	2	0	0	0	0	0	0	0	0	0	0	0	0	0	0	0	0	0	0	0	0	0	0	0	0	0	1	6	2	0	0	0	0	0	0	0	0	0	0	0	0	0	0	2
Acer13_S13_L001	26	2	0	0	0	0	0	0	0	0	0	0	0	2	1	0	0	0	2	1	0	0	0	1	0	1	3	29	0	0	0	0	0	0	0	0	0	0	0	0	0	0	0	3
Acer140_S150_L001	16	1	0	0	0	0	0	0	0	0	0	0	0	0	0	0	0	1	0	0	0	0	0	1	0	0	2	17	1	0	0	0	0	0	0	0	0	0	0	0	0	0	0	5
Acer141_S162_L001	37	5	0	0	0	0	0	0	0	0	0	0	0	0	0	1	0	0	0	0	0	0	0	2	0	1	5	41	1	0	0	0	0	0	1	0	0	0	0	0	0	0	0	6
Acer142_S174_L001	16	0	0	0	0	0	0	0	0	0	0	0	0	0	2	0	0	0	0	0	0	2	0	0	0	1	1	25	1	0	0	0	0	0	0	0	0	0	0	0	0	0	0	5
Acer143_S186_L001	25	0	0	0	0	0	0	0	0	0	0	0	0	0	0	0	1	0	0	1	5	1	1	2	2	1	8	63	1	0	0	0	0	0	0	0	0	0	0	0	0	0	0	6
Acer144_S103_L001	7	1	0	0	0	0	0	0	0	0	0	0	0	0	0	0	0	0	0	0	0	0	0	0	0	0	2	8	0	0	0	0	0	0	0	0	0	0	0	0	0	0	0	1
Acer145_S115_L001	11	0	0	0	0	0	0	0	0	0	0	0	0	0	0	0	0	0	0	0	1	0	0	2	0	0	1	19	0	0	0	0	0	0	0	0	0	0	0	0	0	0	0	6
Acer146_S127_L001	19	0	0	0	0	0	0	0	0	0	0	0	0	0	0	0	1	0	1	0	1	2	1	3	1	0	2	27	1	0	0	0	0	0	0	0	0	0	0	0	0	0	0	6
Acer147_S139_L001	15	1	0	0	0	0	0	0	0	0	0	0	0	0	0	0	1	0	0	0	0	0	0	0	0	0	2	19	2	0	0	0	0	0	0	0	0	0	0	0	0	0	0	4
Acer148_S151_L001	6	0	0	0	0	0	0	0	0	0	0	0	0	0	0	0	0	0	0	0	0	0	0	0	0	0	1	7	0	0	0	0	0	0	0	0	0	0	0	0	0	0	1	0
Acer149_S163_L001	46	1	0	0	0	0	0	0	0	0	0	0	0	1	1	0	1	0	1	0	4	2	1	1	0	2	4	53	0	0	0	0	0	0	0	0	0	0	0	0	0	0	0	5
Acer14_S14_L001	6	0	0	0	0	0	0	0	0	0	0	0	0	0	0	0	0	0	0	0	0	0	0	0	0	0	2	19	0	0	0	0	0	0	0	0	0	0	0	0	0	0	0	1
Acer150_S175_L001	33	2	0	0	0	0	0	0	0	0	0	0	0	0	0	0	2	0	0	1	0	1	1	1	1	0	6	35	1	0	0	0	0	0	0	0	0	0	0	0	0	0	0	6
Acer151_S187_L001	29	5	0	0	0	0	0	0	0	0	0	0	0	0	0	0	0	2	0	0	1	1	1	0	2	2	6	56	3	0	0	0	0	0	1	0	0	0	0	0	0	1	0	6
Acer152_S104_L001	27	1	0	0	0	0	0	0	0	0	0	0	0	0	1	1	1	0	0	0	0	1	0	2	0	1	1	26	0	0	0	0	0	0	0	0	0	0	0	0	0	0	0	5
Acer153_S116_L001	6	0	0	0	0	0	0	0	0	0	0	0	0	0	0	0	0	0	2	0	0	0	0	0	0	0	0	14	0	0	0	0	0	0	0	0	0	0	0	0	0	0	0	6
Acer154_S128_L001	42	2	0	0	0	0	0	0	0	0	0	0	0	0	0	0	1	2	2	2	2	2	0	3	2	2	4	49	0	0	0	0	0	0	0	0	0	0	0	0	0	0	0	6
Acer155_S140_L001	5	1	0	0	0	0	0	0	0	0	0	0	0	0	0	0	0	0	0	0	0	0	0	0	0	0	2	10	0	0	0	0	0	0	0	0	0	0	0	0	0	0	0	2
Acer156_S152_L001	21	3	0	0	0	0	0	0	0	0	0	0	0	0	0	0	1	0	0	2	0	2	1	3	0	0	5	32	0	0	0	0	0	0	0	0	0	0	0	0	0	0	0	6
Acer157_S164_L001	54	1	0	0	0	0	0	0	0	0	0	0	1	0	0	0	1	1	2	1	5	1	0	2	6	0	8	66	0	0	0	0	0	0	0	0	0	0	0	0	0	0	0	6
Acer158_S176_L001	20	0	0	0	0	0	0	0	0	0	0	0	0	1	2	0	0	0	0	3	0	1	0	1	0	0	4	34	1	0	0	0	0	0	0	0	0	0	0	0	0	0	0	6
Acer159_S188_L001	18	2	0	0	0	0	0	0	0	0	0	0	0	0	0	0	0	1	0	0	2	1	0	0	1	0	3	27	1	0	0	0	0	0	0	0	0	0	0	0	0	0	0	5
Acer15_S15_L001	26	2	0	0	0	0	0	0	0	0	0	0	0	0	0	0	1	1	1	2	1	1	1	2	1	0	7	47	0	0	0	0	0	0	0	0	0	0	0	0	0	0	0	2
Acer160_S105_L001	45	1	0	0	0	0	0	0	0	0	0	0	0	0	1	0	0	0	0	0	3	0	1	1	1	0	2	52	1	0	0	0	0	0	0	0	0	0	0	0	0	0	0	6
Acer161_S117_L001	11	0	0	0	0	0	0	0	0	0	0	0	0	0	0	0	0	0	0	2	0	0	0	0	0	0	1	15	0	0	0	0	0	0	0	0	0	0	0	0	0	0	0	1
Acer162_S129_L001	29	3	0	0	0	0	0	0	0	0	0	0	0	0	2	0	0	0	0	2	1	0	1	0	0	1	3	34	0	0	0	0	0	0	0	0	0	0	1	0	0	0	0	3
Acer163b_S292_L001	7	0	0	0	0	0	0	0	0	0	0	0	0	0	0	0	0	0	0	0	0	0	0	0	0	0	1	10	0	0	0	0	0	0	0	0	0	0	0	0	0	0	0	1
Acer164_S177_L001	5	0	0	0	0	0	0	0	0	0	0	0	0	0	0	0	0	0	0	0	1	0	0	0	0	0	3	12	0	0	0	0	0	0	0	0	0	0	0	0	0	0	0	4
Acer165_S189_L001	34	2	0	0	0	0	0	0	0	1	0	0	0	0	1	0	1	4	0	1	0	6	0	0	0	1	1	44	0	0	0	0	0	0	0	0	0	0	0	0	0	0	0	3
Acer166_S118_L001	9	0	0	0	0	0	0	0	0	0	0	0	0	0	0	0	0	0	0	0	0	0	0	0	0	0	1	16	0	0	0	0	0	0	0	0	0	0	0	0	0	0	0	1
Acer167_S196_L001	19	3	0	0	0	0	0	0	0	0	0	0	0	0	1	0	0	0	0	0	1	0	0	0	0	0	2	14	0	0	0	0	0	0	0	0	0	0	0	0	0	0	0	6
Acer168_S197_L001	1	0	0	0	0	0	0	0	0	0	0	0	0	0	0	0	0	0	0	0	0	0	0	0	0	0	0	2	0	0	0	0	0	0	0	0	0	0	0	0	0	0	0	2
Acer169_S198_L001	2	0	0	0	0	0	0	0	0	0	0	0	0	0	0	0	0	0	0	0	0	0	0	0	0	0	1	3	0	0	0	0	0	0	0	0	0	0	0	0	0	0	0	2
Acer16_S16_L001	7	0	0	0	0	0	0	0	0	0	0	0	0	0	0	0	0	2	0	0	1	0	1	0	0	0	2	18	1	0	0	0	0	0	0	0	0	0	0	0	0	0	0	1
Acer170_S199_L001	4	0	0	0	0	0	0	0	0	0	0	0	0	0	0	0	0	0	0	0	0	0	0	0	0	0	1	5	0	0	0	0	0	0	0	0	0	0	0	0	0	0	0	4
Acer171_S200_L001	5	2	0	0	0	0	0	0	0	0	0	0	0	0	0	0	0	0	0	0	0	0	0	0	0	0	1	9	0	0	0	0	0	0	0	0	0	0	0	0	0	0	0	6
Acer172_S201_L001	6	2	0	0	0	0	0	0	0	0	0	0	0	0	0	0	0	0	0	0	0	0	0	0	0	0	1	4	0	0	0	0	0	0	0	0	0	0	0	0	0	0	0	6
Acer173_S202_L001	5	0	0	0	0	0	0	0	0	0	0	0	0	0	0	0	0	0	0	0	0	0	0	0	0	0	1	5	0	0	0	0	0	0	0	0	0	0	0	0	0	0	0	4
Acer174_S203_L001	3	1	0	0	0	0	0	0	0	0	0	0	0	0	0	0	0	0	0	0	0	0	0	0	0	0	1	4	0	0	0	0	0	0	0	0	0	0	0	0	0	0	0	4
Acer175_S204_L001	27	3	0	0	0	0	0	0	0	0	0	0	0	0	0	0	0	0	0	0	2	0	1	0	0	1	3	18	0	0	0	0	0	0	0	0	0	0	0	0	0	0	0	7
Acer176_S205_L001	31	3	0	0	0	0	0	0	0	0	0	0	0	0	0	0	0	1	0	0	0	2	0	1	0	0	1	18	0	0	0	0	0	0	0	0	0	0	0	0	0	0	0	6
Acer177_S206_L001	1	0	0	0	0	0	0	0	0	0	0	0	0	0	0	0	0	0	0	0	0	0	0	0	0	0	1	3	0	0	0	0	0	0	0	0	0	0	0	0	0	0	0	2
Acer178_S207_L001	54	3	1	0	0	0	0	0	0	0	0	0	4	2	1	3	0	3	1	2	2	5	1	6	4	7	4	109	1	0	0	0	0	0	0	0	0	0	0	0	0	0	1	6
Acer179_S208_L001	21	3	0	0	0	0	0	0	0	0	0	0	0	0	0	0	0	0	1	0	0	1	0	0	0	0	2	20	0	0	0	0	0	0	0	0	0	0	0	0	0	0	0	6
Acer17_S17_L001	28	1	0	0	0	0	0	0	0	0	0	0	0	0	1	0	0	1	1	3	3	2	0	2	2	1	6	36	1	0	0	0	0	0	0	0	0	0	0	0	0	0	1	5
Acer180_S209_L001	18	1	0	0	0	0	0	0	0	0	0	0	0	0	0	1	0	0	0	1	2	0	0	1	1	0	2	13	0	0	0	0	0	0	0	0	0	0	0	0	0	0	0	6
Acer181_S210_L001	17	2	0	0	0	0	0	0	0	0	0	0	0	0	0	0	0	0	0	0	0	2	0	0	0	0	2	16	0	0	0	0	0	0	0	0	0	0	0	0	0	0	0	6
Acer182_S211_L001	12	1	0	0	0	0	0	0	0	0	0	0	0	0	0	0	0	0	0	0	2	0	0	0	1	0	2	14	0	0	0	0	0	0	0	0	0	0	0	0	0	0	0	6
Acer183_S212_L001	26	2	0	0	0	0	0	0	0	0	0	0	0	0	0	1	0	0	0	1	0	0	0	1	0	0	2	27	0	0	0	0	0	0	0	0	0	0	0	0	0	0	0	6
Acer184_S213_L001	21	2	0	0	0	0	0	0	0	0	0	0	0	0	0	0	0	0	0	0	1	2	0	1	0	0	3	20	0	0	0	0	0	0	0	0	0	0	0	0	0	0	0	6
Acer185_S214_L001	2	1	0	0	0	0	0	0	0	0	0	0	0	0	0	0	0	0	0	0	0	0	0	0	0	0	2	8	0	0	0	0	0	0	0	0	0	0	0	0	0	0	0	5
Acer186_S215_L001	14	2	0	0	0	0	0	0	0	0	0	0	0	1	2	0	0	0	0	0	0	0	1	1	0	0	2	18	0	0	0	0	0	0	0	0	0	0	0	0	0	0	0	6
Acer187_S216_L001	49	3	0	0	0	0	0	0	0	0	0	0	0	1	2	1	1	0	0	0	0	0	1	0	0	1	4	22	0	0	0	0	0	0	0	0	0	0	0	0	0	0	0	6
Acer188_S217_L001	1	1	0	0	0	0	0	0	0	0	0	0	0	0	0	0	0	0	0	0	0	0	0	0	0	0	1	4	0	0	0	0	0	0	0	0	0	0	0	0	0	0	0	3
Acer189_S218_L001	7	0	0	0	0	0	0	0	0	0	0	0	0	0	0	0	0	1	0	0	0	0	0	0	0	0	2	7	0	0	0	0	0	0	0	0	0	0	0	0	0	0	0	6
Acer18_S18_L001	4	0	0	0	0	0	0	0	0	0	0	0	0	0	0	0	0	0	0	0	0	0	0	0	0	0	0	7	0	0	0	0	0	0	0	0	0	0	0	0	0	0	0	1
Acer190_S219_L001	1	0	0	0	0	0	0	0	0	0	0	0	0	0	0	0	0	0	0	0	0	0	0	0	0	0	0	5	0	0	0	0	0	0	0	0	0	0	0	0	0	0	0	5
Acer191_S220_L001	4	1	0	0	0	0	0	0	0	0	0	0	0	0	0	0	0	0	0	0	0	0	0	0	0	0	1	6	0	0	0	0	0	0	0	0	0	0	0	0	0	0	0	5
Acer192_S221_L001	2	0	0	0	0	0	0	0	0	0	0	0	0	0	0	0	0	0	0	0	0	0	0	0	0	0	2	5	0	0	0	0	0	0	0	0	0	0	0	0	0	0	0	1
Acer193_S222_L001	6	0	0	0	0	0	0	0	0	0	0	0	0	0	0	0	1	0	0	0	0	0	0	0	0	0	1	6	0	0	0	0	0	0	0	0	0	0	0	0	0	0	0	2
Acer194_S223_L001	6	0	0	0	0	0	0	0	0	0	0	0	0	0	0	0	0	0	0	0	0	0	0	0	0	0	2	7	0	0	0	0	0	0	0	0	0	0	0	0	0	0	0	5
Acer195_S224_L001	19	2	0	0	0	0	0	0	0	0	0	0	0	0	0	0	0	0	1	0	1	0	1	0	0	0	2	16	0	0	0	0	0	0	0	0	0	0	0	0	0	0	0	6
Acer196_S225_L001	10	1	0	0	0	0	0	0	0	0	0	0	0	0	0	0	0	0	0	0	0	0	0	0	0	0	1	9	0	0	0	0	0	0	0	0	0	0	0	0	0	0	0	6
Acer197_S226_L001	19	1	0	0	0	0	0	0	0	0	0	0	0	0	0	0	0	1	0	0	2	0	0	1	0	0	1	16	0	0	0	0	0	0	0	0	0	0	0	0	0	0	0	6
Acer198_S227_L001	14	3	0	0	0	0	0	0	0	0	0	0	0	0	0	0	0	0	0	0	0	0	0	0	0	0	2	17	0	0	0	0	0	0	0	0	0	0	0	0	0	0	0	6
Acer199_S228_L001	28	4	0	0	0	0	0	0	0	0	0	0	0	0	0	2	0	0	1	0	0	0	0	1	0	0	6	20	0	0	0	0	0	0	0	0	0	0	0	0	0	0	0	6
Acer19_S19_L001	4	1	0	0	0	0	0	0	0	0	0	0	0	0	0	0	0	0	0	0	0	0	0	0	0	0	2	7	0	0	0	0	0	0	0	0	0	0	0	0	0	0	0	1
Acer1_S1_L001	4	0	0	0	0	0	0	0	0	0	0	0	0	1	0	0	0	0	0	0	0	0	0	0	0	0	2	8	0	0	0	0	0	0	0	0	0	0	0	0	0	0	0	0
Acer200_S229_L001	3	1	0	0	0	0	0	0	0	0	0	0	0	0	0	0	0	0	0	0	0	0	0	0	0	0	2	6	0	0	0	0	0	0	0	0	0	0	0	0	0	0	0	6
Acer201_S230_L001	41	2	0	0	0	1	0	0	0	0	0	1	0	1	2	0	0	1	0	1	2	3	1	1	0	0	2	32	0	0	0	0	0	0	0	0	0	0	0	0	0	1	1	6
Acer202_S231_L001	6	1	0	0	0	0	0	0	0	0	0	0	0	0	0	0	1	0	0	0	0	0	0	0	0	0	0	6	1	0	0	0	0	0	0	0	0	0	0	0	0	0	0	5
Acer203_S232_L001	12	2	0	0	0	0	0	0	0	0	0	0	0	0	1	0	0	0	0	0	0	0	0	0	0	0	1	16	0	0	0	0	0	0	0	0	0	0	0	0	0	0	0	6
Acer204_S233_L001	6	1	0	0	0	0	0	0	0	0	0	0	0	0	0	0	0	0	0	0	0	0	0	0	0	0	0	8	0	0	0	0	0	0	0	0	0	0	0	0	0	0	0	6
Acer205_S234_L001	10	1	0	0	0	0	0	0	0	0	0	0	0	0	0	1	0	0	0	0	0	0	0	0	0	0	2	5	0	0	0	0	0	0	0	0	0	0	0	0	0	0	0	6
Acer206_S235_L001	7	1	0	0	0	0	0	0	0	0	0	0	0	1	0	0	0	0	0	0	0	0	0	0	0	0	2	8	0	0	0	0	0	0	0	0	0	0	0	0	0	0	0	6
Acer207R_S301_L001	36	2	1	0	0	0	0	0	0	0	0	0	1	0	2	1	0	1	0	2	2	2	1	1	0	3	7	82	3	0	0	0	0	0	0	0	0	0	0	0	0	0	0	5
Acer207_S236_L001	3	1	0	0	0	0	0	0	0	0	0	0	0	0	0	0	0	0	0	0	0	0	0	0	0	0	1	6	0	0	0	0	0	0	0	0	0	0	0	0	0	0	0	6
Acer208R_S302_L001	59	3	0	0	0	0	0	0	0	0	0	0	1	1	3	0	2	1	0	1	4	1	1	4	2	5	7	70	2	0	0	0	0	0	0	0	0	0	0	0	0	0	0	5
Acer208_S237_L001	8	1	0	0	0	0	0	0	0	0	0	0	0	0	0	0	0	0	0	0	0	0	0	0	0	0	2	5	0	0	0	0	0	0	0	0	0	0	0	0	0	0	0	6
Acer209_S238_L001	22	3	0	0	0	0	0	0	0	0	0	0	0	0	0	0	0	0	0	0	1	1	1	0	0	1	3	20	1	0	0	0	0	0	0	0	0	0	0	0	0	0	0	6
Acer20_S20_L001	4	0	0	0	0	0	0	0	0	0	0	0	0	0	0	0	0	0	0	0	0	0	0	0	0	0	2	10	0	0	0	0	0	0	0	0	0	0	0	0	0	0	0	1
Acer210_S239_L001	5	0	0	0	0	0	0	0	0	0	0	0	0	0	0	0	0	0	0	0	0	0	0	0	0	0	1	6	0	0	0	0	0	0	0	0	0	0	0	0	0	0	0	2
Acer211_S240_L001	7	0	0	0	0	0	0	0	0	0	0	0	0	0	0	0	1	0	0	0	0	0	0	1	0	0	0	8	0	0	0	0	0	0	0	0	0	0	0	0	0	0	0	6
Acer212R_S303_L001	21	1	0	0	0	0	0	0	0	0	0	0	1	0	0	0	1	0	2	1	2	2	1	0	3	3	4	55	1	0	0	0	0	0	0	0	0	0	0	0	0	0	0	6
Acer212_S241_L001	30	3	0	0	0	0	0	0	0	0	0	0	0	0	2	0	0	0	0	0	1	1	0	0	0	0	2	17	0	0	0	0	0	0	0	0	0	0	0	0	0	0	0	6
Acer213_S242_L001	10	2	0	0	0	0	0	0	0	0	0	0	0	0	0	0	0	0	0	0	0	0	0	0	0	0	2	9	0	0	0	0	0	0	0	0	0	0	0	0	0	0	0	6
Acer214_S243_L001	20	1	0	0	0	0	0	0	0	0	0	0	0	0	0	0	0	0	0	0	2	0	0	0	0	0	1	21	0	0	0	0	0	0	1	0	0	0	0	0	0	0	0	6
Acer215R_S304_L001	41	3	0	0	0	0	0	0	0	0	0	0	0	1	1	1	0	1	1	0	1	0	1	2	2	5	8	67	1	1	0	0	0	0	1	0	0	0	0	0	0	0	0	6
Acer215_S244_L001	18	4	0	0	0	0	0	0	0	0	0	0	0	0	1	0	2	0	0	0	0	0	0	0	1	0	1	17	0	0	0	0	0	0	0	0	0	0	0	0	0	0	0	6
Acer216_S245_L001	86	2	0	1	1	0	0	0	0	0	0	2	6	7	14	13	18	12	10	18	13	14	10	11	12	12	9	205	3	0	0	0	1	0	1	0	0	0	0	0	0	0	1	6
Acer217R_S305_L001	60	2	0	0	0	0	0	0	0	0	0	0	0	0	0	0	2	1	1	4	2	3	7	7	2	6	9	69	0	0	0	0	0	0	0	0	0	0	0	0	0	1	0	5
Acer217_S246_L001	46	2	0	0	0	0	0	0	0	0	0	0	0	0	0	0	0	0	1	0	1	0	0	0	0	1	3	33	0	0	0	0	1	0	0	0	0	0	0	0	0	0	1	6
Acer218_S247_L001	16	1	0	0	0	0	0	0	0	0	0	0	0	0	0	0	0	0	0	0	1	0	0	0	2	0	1	14	0	0	0	0	0	0	0	0	0	0	0	0	0	0	0	6
Acer219_S248_L001	17	2	0	0	0	0	0	0	0	0	0	0	0	0	1	0	0	0	0	0	2	1	0	1	0	1	2	17	0	0	0	0	0	0	1	0	0	0	0	0	0	0	0	6
Acer21_S21_L001	4	0	0	0	0	0	0	0	0	0	0	0	0	0	0	0	0	0	0	0	0	0	0	0	0	0	0	8	0	0	0	0	0	0	0	0	0	0	0	0	0	0	0	0
Acer220_S249_L001	51	7	0	0	0	0	0	0	0	0	0	0	0	0	2	0	3	1	0	0	8	3	0	3	0	4	5	56	0	0	0	0	0	0	1	0	0	1	0	0	0	0	0	7
Acer221_S250_L001	35	1	0	0	0	0	0	0	0	0	0	0	0	0	3	0	0	0	0	0	2	3	0	0	0	0	1	31	1	0	0	0	0	0	0	0	0	0	0	0	0	0	0	6
Acer222R_S306_L001	19	0	1	0	0	0	0	0	0	0	0	0	0	0	0	2	1	1	2	1	0	0	2	3	1	5	5	90	1	0	0	0	0	0	0	0	0	0	0	0	0	0	0	6
Acer222_S251_L001	16	4	0	0	0	0	0	0	0	0	0	0	0	0	0	0	0	0	0	0	0	0	1	0	0	0	1	14	0	0	0	1	0	0	0	0	0	0	0	0	0	0	0	6
Acer223R_S307_L001	50	1	0	0	0	0	0	0	0	0	0	0	0	1	0	0	1	0	3	4	3	1	2	0	2	3	9	94	2	0	0	0	0	0	0	0	0	0	0	0	0	0	0	5
Acer223_S252_L001	20	2	0	0	0	0	0	0	0	0	0	1	0	0	0	1	0	0	0	1	2	1	1	2	0	1	5	22	1	0	0	0	0	0	0	0	0	0	0	0	0	0	1	6
Acer224_S253_L001	26	3	0	0	0	0	0	0	0	0	0	0	0	0	0	0	0	0	0	0	5	2	0	0	0	0	4	22	1	0	0	0	0	0	0	0	0	0	0	0	0	0	1	6
Acer225R_S308_L001	76	2	0	0	0	0	0	0	0	0	0	1	1	4	6	7	8	9	3	5	9	9	6	13	17	11	19	243	6	0	0	0	0	0	0	0	0	0	0	0	0	0	0	4
Acer225_S254_L001	8	2	0	0	0	0	0	0	0	0	0	0	0	0	0	0	0	0	0	0	0	0	0	0	0	0	1	6	0	0	0	0	0	0	0	0	0	0	0	0	0	0	0	6
Acer226_S255_L001	10	0	0	0	0	0	0	0	0	0	0	0	0	0	1	0	0	0	0	0	0	0	0	0	0	0	1	8	0	0	0	0	0	0	0	0	0	0	0	0	0	0	0	6
Acer227_S256_L001	3	0	0	0	0	0	0	0	0	0	0	0	0	0	0	0	0	0	0	0	0	0	0	0	0	0	1	6	0	0	0	0	0	0	0	0	0	0	0	0	0	0	0	6
Acer228_S257_L001	26	2	0	0	0	0	0	0	0	0	0	0	0	1	1	0	0	0	0	0	3	2	0	1	1	0	1	21	2	0	0	0	0	0	0	0	0	0	0	0	0	1	0	6
Acer229_S258_L001	12	2	0	0	0	0	0	0	0	0	0	0	0	0	0	0	1	0	0	0	0	0	0	0	0	0	1	11	0	0	0	0	0	0	0	0	0	0	0	0	0	0	0	6
Acer22_S22_L001	5	0	0	0	0	0	0	0	0	0	0	0	0	0	0	0	0	0	0	0	0	0	0	0	0	0	1	5	0	0	0	0	0	0	0	0	0	0	0	0	0	0	0	0
Acer230_S259_L001	20	2	0	0	0	0	0	0	0	0	0	0	0	0	1	0	0	0	0	0	0	0	0	0	0	0	2	21	0	0	0	0	0	0	0	0	0	0	0	0	0	0	0	6
Acer231_S260_L001	20	2	0	0	0	0	0	0	0	0	0	0	0	0	0	0	0	0	0	0	1	0	0	0	0	1	2	27	0	0	0	0	0	0	0	0	1	0	0	0	0	0	0	6
Acer232R_S309_L001	67	3	0	0	0	0	0	0	0	0	0	0	0	0	0	0	0	1	1	0	0	1	1	3	3	1	5	68	1	0	0	0	0	0	0	0	0	0	0	0	0	0	0	6
Acer232_S261_L001	27	1	0	0	0	0	0	0	0	0	0	0	0	0	0	0	0	0	0	0	0	1	1	1	0	1	1	27	1	0	0	0	0	0	1	0	0	1	0	0	0	0	1	6
Acer233_S262_L001	14	1	0	0	0	0	0	0	0	0	0	0	0	0	0	0	1	0	0	0	0	0	0	0	0	0	3	16	0	0	0	0	0	0	0	0	0	0	0	0	0	0	0	6
Acer234R_S310_L001	26	1	0	0	0	0	0	0	0	0	0	0	0	0	1	0	0	0	0	1	2	0	1	1	2	3	3	48	2	0	0	0	0	0	0	0	0	0	0	0	0	0	0	6
Acer234_S263_L001	36	5	0	0	0	0	0	0	0	0	0	0	0	1	0	2	1	0	0	0	0	1	1	1	0	0	3	35	0	0	0	0	0	0	1	0	0	0	0	0	0	0	0	6
Acer235R_S311_L001	14	2	0	0	0	0	0	0	0	0	0	0	0	1	0	0	0	0	0	0	3	1	0	2	0	1	3	26	0	0	0	0	0	0	0	0	0	0	0	0	0	0	0	4
Acer235_S264_L001	27	2	0	0	0	0	0	0	0	0	0	0	0	0	0	1	0	0	1	1	7	2	0	2	0	2	5	51	0	0	0	0	0	0	0	0	0	0	0	0	0	0	0	6
Acer236R_S312_L001	34	3	0	0	0	0	0	0	0	0	0	0	0	0	0	0	0	1	1	2	0	1	2	0	5	4	2	56	1	0	0	0	0	0	0	0	0	0	0	0	0	0	0	4
Acer236_S265_L001	14	2	0	0	0	0	0	0	0	0	0	0	0	0	0	0	0	0	0	0	1	0	1	0	0	0	1	12	0	0	0	0	0	0	1	0	0	0	0	0	0	0	0	7
Acer237_S266_L001	23	2	0	0	0	0	0	0	0	0	0	0	0	0	2	0	0	0	1	0	1	2	0	1	3	4	3	17	1	0	0	0	0	0	0	0	0	0	0	0	0	0	0	6
Acer238_S267_L001	23	2	0	0	0	0	0	0	0	0	0	0	0	0	0	0	0	0	0	0	0	1	0	1	0	0	3	17	0	0	0	0	0	0	0	0	0	0	0	0	0	0	0	6
Acer239_S268_L001	19	0	0	0	0	0	0	0	0	0	0	0	0	0	0	0	1	0	2	1	1	1	1	1	0	0	1	36	0	0	0	0	0	0	0	0	0	0	0	0	0	0	0	6
Acer23_S23_L001	1	0	0	0	0	0	0	0	0	0	0	0	0	0	0	0	0	0	0	0	0	0	0	0	0	0	1	6	0	0	0	0	0	0	0	0	0	0	0	0	0	0	0	0
Acer240_S269_L001	14	2	0	0	0	0	0	0	0	0	0	0	0	0	0	0	0	0	0	0	0	0	0	0	2	0	2	15	0	0	0	0	0	0	0	0	0	0	0	0	0	0	0	6
Acer241_S270_L001	19	2	0	0	0	0	0	0	0	0	0	0	0	0	0	0	1	0	0	1	0	0	0	0	0	0	1	14	0	0	0	0	0	0	0	0	0	0	0	0	0	0	0	6
Acer242_S271_L001	16	1	0	0	0	0	0	0	0	0	0	0	0	0	0	0	0	0	0	0	0	1	0	0	0	0	1	18	0	0	0	0	0	0	0	0	0	0	0	0	0	0	0	6
Acer243_S272_L001	20	0	0	0	0	0	0	0	0	0	0	0	2	0	0	0	0	0	0	0	0	0	0	1	0	0	1	15	0	0	0	0	0	0	0	0	0	0	0	0	0	0	0	6
Acer244_S108_L001	43	2	0	0	0	0	0	0	0	0	0	0	1	1	0	0	3	1	0	0	2	0	3	5	1	0	6	63	1	0	0	0	0	0	0	0	0	0	0	0	0	0	0	6
Acer245_S120_L001	6	0	0	0	0	0	0	0	0	0	0	0	0	0	0	0	0	0	0	0	0	0	0	0	0	0	1	11	0	0	0	0	0	0	0	0	0	0	0	0	0	0	0	2
Acer246_S132_L001	38	2	0	0	0	0	0	0	0	0	0	0	0	0	2	1	0	0	1	3	2	0	0	2	1	1	10	49	0	0	0	0	0	0	0	0	0	0	0	0	0	0	0	5
Acer247_S144_L001	15	0	0	0	0	0	0	0	0	0	0	0	0	0	0	0	0	0	0	1	0	0	0	0	0	0	3	20	0	0	0	0	0	0	0	0	0	0	0	0	0	0	0	5
Acer248_S156_L001	5	0	0	0	0	0	0	0	0	0	0	0	0	0	0	0	0	1	0	0	0	0	0	0	0	0	3	13	0	0	0	0	0	0	0	0	0	0	0	0	0	0	0	2
Acer249_S168_L001	1	1	0	0	0	0	0	0	0	0	0	0	0	0	0	0	0	0	0	1	1	0	0	0	0	0	1	17	0	0	0	0	0	0	0	0	0	0	0	0	0	0	0	5
Acer24_S24_L001	2	1	0	0	0	0	0	0	0	0	0	0	0	0	0	0	0	0	0	0	0	0	0	0	0	0	1	8	0	0	0	0	0	0	0	0	0	0	0	0	0	0	0	0
Acer250_S180_L001	30	3	0	0	0	0	0	0	0	0	0	0	1	1	0	2	1	1	0	1	1	2	2	1	2	0	3	42	0	0	0	0	0	0	0	0	0	0	0	0	0	0	0	6
Acer251_S192_L001	12	1	0	0	0	0	0	0	0	0	0	0	0	0	0	0	0	1	0	1	0	2	0	1	2	2	2	31	0	0	0	0	0	0	0	0	0	0	0	0	0	0	0	4
Acer252_S273_L001	3	0	0	0	0	0	0	0	0	0	0	0	0	0	0	0	0	1	0	1	2	0	0	1	1	0	1	15	0	0	0	0	0	0	0	0	0	0	0	0	1	0	0	6
Acer253_S274_L001	14	2	0	0	0	0	0	0	0	0	0	0	0	0	0	1	0	0	0	0	0	0	0	0	1	0	1	17	0	0	0	0	0	0	0	0	0	0	0	0	0	0	0	6
Acer254_S275_L001	11	1	0	0	0	0	0	0	0	0	0	0	0	0	0	0	0	0	0	0	0	0	0	0	0	0	0	7	0	0	0	0	0	0	0	0	0	0	0	0	0	0	0	6
Acer255_S276_L001	17	2	0	0	0	0	0	0	0	0	0	0	0	0	1	0	0	0	0	0	3	1	0	0	0	0	3	12	0	0	0	0	0	0	0	0	0	0	0	0	0	0	0	6
Acer256_S277_L001	17	2	0	0	0	0	0	0	0	0	0	0	0	0	0	0	0	0	0	0	3	2	1	0	0	0	2	40	12	0	0	0	0	0	0	0	0	0	0	0	0	0	0	8
Acer257_S278_L001	10	1	0	0	0	0	0	0	0	0	0	0	0	0	2	0	0	0	0	0	1	0	0	1	0	2	0	9	0	0	0	0	0	0	0	0	0	0	0	0	0	0	0	6
Acer258_S279_L001	17	1	0	0	0	0	0	0	0	0	0	0	0	0	1	1	1	0	0	0	2	2	0	1	0	1	3	17	0	0	0	0	0	0	0	0	0	0	0	0	0	0	0	6
Acer259_S280_L001	17	3	0	0	0	0	0	0	0	0	0	1	0	0	0	0	0	0	0	0	0	0	0	0	0	0	1	13	0	0	0	0	0	0	0	0	0	0	0	0	0	0	1	6
Acer25_S25_L001	3	0	0	0	0	0	0	0	0	0	0	0	0	0	0	0	0	0	0	0	0	0	0	0	0	0	1	6	0	0	0	0	0	0	0	0	0	0	0	0	0	0	0	1
Acer260_S281_L001	8	1	0	0	0	0	0	0	0	0	0	0	0	0	0	0	0	0	0	0	0	0	0	0	0	0	1	7	0	0	0	0	0	0	0	0	0	0	0	0	0	0	0	6
Acer261_S282_L001	24	2	0	0	0	0	0	0	0	0	0	0	0	0	2	0	1	0	0	0	5	1	0	0	1	0	2	25	0	0	0	0	0	0	0	0	0	0	0	0	0	0	0	6
Acer262_S283_L001	18	2	0	0	0	0	0	0	0	0	0	0	0	0	0	0	0	0	0	0	1	0	0	0	0	0	2	26	0	0	0	0	0	0	0	0	0	0	0	0	0	0	0	6
Acer263_S284_L001	20	3	0	0	0	0	0	0	0	0	0	0	0	0	0	0	0	0	0	0	1	0	0	0	0	0	3	18	0	0	0	0	0	0	0	0	0	0	0	0	0	0	0	6
Acer264_S285_L001	21	1	1	0	0	0	0	0	0	0	0	0	0	1	1	1	0	0	0	1	0	0	0	0	0	0	2	27	0	0	0	0	0	0	1	0	0	0	0	0	0	0	0	7
Acer265_S286_L001	25	2	0	0	0	0	0	0	0	0	0	0	0	0	0	1	1	0	0	0	2	2	0	0	0	2	3	45	0	0	0	0	0	0	0	0	0	1	0	0	0	0	1	6
Acer266_S287_L001	3	2	0	0	0	0	0	0	0	0	0	0	0	0	0	0	0	0	0	0	0	0	0	0	0	0	1	7	0	0	0	0	0	0	0	0	0	0	0	0	0	0	0	6
Acer267_S288_L001	16	2	0	0	0	0	0	0	0	0	0	0	0	0	1	0	1	0	0	0	4	0	0	1	0	1	2	14	0	0	0	0	0	0	0	0	0	0	0	0	0	0	0	6
Acer268_S107_L001	22	2	0	0	0	0	0	0	0	0	0	0	0	0	0	0	0	0	0	1	2	2	0	0	0	1	3	36	2	0	0	0	0	0	0	0	0	0	0	0	0	0	0	6
Acer269_S119_L001	5	0	0	0	0	0	0	0	0	0	0	0	0	0	0	0	0	0	0	0	0	0	0	0	0	0	1	4	0	0	0	0	0	0	0	0	0	0	0	0	0	0	0	1
Acer26_S26_L001	8	1	0	0	0	0	0	0	0	0	0	0	0	0	1	1	0	0	0	0	0	0	0	0	0	0	2	11	0	0	0	0	0	0	0	0	0	0	0	0	0	0	0	1
Acer270_S131_L001	13	0	0	0	0	0	0	0	0	0	0	0	0	0	0	0	0	1	0	0	1	0	0	0	1	1	7	35	1	0	0	0	0	0	0	0	0	0	0	0	0	0	0	5
Acer271_S143_L001	19	0	0	0	0	0	0	0	0	0	0	0	0	1	0	1	0	1	0	0	0	0	0	1	0	0	3	32	0	0	0	0	0	0	0	0	0	0	0	0	0	0	0	5
Acer272_S155_L001	0	0	0	0	0	0	0	0	0	0	0	0	0	0	0	0	0	0	0	0	0	0	0	0	0	0	0	1	0	0	0	0	0	0	0	0	0	0	0	0	0	0	0	0
Acer272b_S300_L001	24	2	0	0	0	0	0	0	0	0	0	0	0	0	0	1	0	0	0	0	0	0	0	0	0	0	1	28	0	0	0	0	0	0	0	0	0	0	0	0	0	0	0	7
Acer273_S167_L001	72	2	1	0	0	0	0	0	0	0	0	0	0	0	5	0	0	0	1	1	1	2	1	5	1	2	14	94	3	0	0	0	0	0	0	0	0	0	0	0	0	1	0	6
Acer274_S179_L001	36	1	0	0	0	0	0	0	0	0	0	0	0	0	1	0	3	2	2	2	1	0	0	0	1	1	3	59	1	0	0	0	0	0	0	0	0	0	0	0	0	0	0	6
Acer275_S154_L001	13	0	0	0	0	0	0	0	0	0	0	0	0	0	0	0	0	0	1	0	2	0	0	0	1	0	1	21	0	0	0	0	0	0	0	0	0	0	0	0	0	0	0	4
Acer276_S166_L001	39	0	0	0	0	0	0	0	0	0	0	0	0	1	1	1	0	0	1	2	0	1	0	2	3	0	2	57	0	0	0	0	0	0	0	0	0	0	0	0	0	0	0	2
Acer277_S178_L001	46	1	0	0	0	0	0	0	0	0	0	0	0	0	0	1	0	2	2	4	2	0	1	2	1	2	5	54	0	0	0	0	0	0	0	0	0	0	0	0	0	0	0	6
Acer279_S130_L001	35	1	0	0	0	0	0	0	0	0	0	0	0	0	0	0	0	2	2	2	1	1	1	2	0	2	10	61	1	0	0	0	0	0	0	0	0	0	0	0	0	0	0	6
Acer27_S27_L001	9	0	0	0	0	0	0	0	0	0	0	0	0	0	0	0	0	2	0	1	0	0	0	0	0	0	3	16	0	0	0	0	0	0	0	0	0	0	0	0	0	0	0	2
Acer28_S28_L001	10	0	0	0	0	0	0	0	0	0	0	0	0	0	0	0	0	0	0	0	0	1	0	0	0	0	1	17	1	0	0	0	0	0	0	0	0	0	0	0	0	0	0	1
Acer29_S29_L001	10	0	0	0	0	0	0	0	0	0	0	0	0	0	0	0	0	0	0	0	0	0	0	0	0	0	2	20	1	0	0	0	0	0	0	0	0	0	0	0	0	0	0	1
Acer2_S2_L001	7	0	0	0	0	0	0	0	0	0	0	0	0	0	0	0	1	0	0	0	0	0	0	1	0	0	3	13	0	0	0	0	0	0	0	0	0	0	0	0	0	0	0	1
Acer30_S30_L001	8	0	0	0	0	0	0	0	0	0	0	0	0	0	0	0	0	0	0	0	0	0	0	0	0	0	2	8	0	0	0	0	0	0	0	0	0	0	0	0	0	0	0	1
Acer31_S31_L001	2	0	0	0	0	0	0	0	0	0	0	0	0	0	1	1	0	0	0	1	0	0	0	0	0	0	2	17	2	0	0	0	0	0	0	0	0	0	0	0	0	0	0	1
Acer32_S32_L001	8	0	0	0	0	0	0	0	0	0	0	0	0	0	0	0	0	0	1	0	0	0	0	0	1	0	0	10	0	0	0	0	0	0	0	0	0	0	0	0	0	0	0	1
Acer339_S313_L001	44	0	0	0	0	0	0	0	0	0	0	0	0	0	0	1	0	2	0	2	0	4	0	0	2	1	2	48	0	0	0	0	0	0	0	0	0	0	0	0	0	0	0	5
Acer33_S33_L001	1	0	0	0	0	0	0	0	0	0	0	0	0	0	0	1	0	0	1	0	0	1	0	0	0	0	1	7	0	0	0	0	0	0	0	0	0	0	0	0	0	0	0	1
Acer340_S314_L001	32	2	0	0	0	0	0	0	0	0	0	0	0	0	1	1	0	0	1	3	4	0	4	4	1	2	9	89	1	0	0	0	0	0	0	0	0	0	0	0	0	0	0	6
Acer341_S315_L001	112	10	0	0	0	0	0	0	0	0	0	0	0	0	3	1	2	1	1	1	8	5	0	5	1	4	17	96	5	0	0	0	0	0	0	0	0	0	0	0	0	0	0	6
Acer343_S316_L001	72	5	0	0	0	0	0	0	0	0	0	0	0	0	3	0	1	1	0	1	6	5	2	8	7	11	18	171	1	0	0	0	0	0	0	0	0	0	0	0	0	0	0	6
Acer345_S317_L001	65	2	0	0	0	0	0	0	0	0	0	0	0	0	2	0	2	0	3	0	4	2	1	1	1	5	8	78	1	0	0	0	0	0	0	0	0	0	1	0	0	0	0	6
Acer346_S318_L001	25	0	0	0	0	0	0	0	0	0	0	0	0	0	0	0	1	0	2	1	1	4	0	1	1	2	6	46	0	0	0	0	0	0	0	0	0	0	0	0	0	0	0	5
Acer34_S34_L001	7	0	0	0	0	0	0	0	0	0	0	0	0	0	0	0	0	0	0	0	0	0	0	0	1	1	3	11	1	0	0	0	0	0	0	0	0	0	0	0	0	0	0	1
Acer350_S319_L001	35	2	0	0	0	0	0	0	0	0	0	0	0	0	1	0	1	1	1	3	4	1	1	2	3	4	2	62	0	0	0	0	0	1	1	0	0	0	0	0	0	0	0	6
Acer355_S320_L001	44	0	0	0	0	0	0	0	0	0	0	0	0	0	0	0	3	0	0	0	4	0	0	2	2	1	4	50	0	0	0	0	0	0	0	0	0	0	0	0	0	0	0	5
Acer356_S321_L001	33	2	0	0	0	0	0	0	0	0	0	0	0	0	2	0	0	0	0	1	2	1	0	0	0	1	1	31	0	0	0	0	0	0	0	0	0	0	0	0	0	0	0	6
Acer357_S322_L001	29	1	0	0	0	0	0	0	0	0	0	0	0	1	0	0	1	0	0	1	0	0	1	1	0	4	8	53	0	0	0	0	0	0	0	0	0	0	0	0	0	0	1	5
Acer358_S323_L001	6	1	0	0	0	0	0	0	0	0	0	0	0	0	0	0	0	0	0	0	0	0	0	0	0	0	0	8	0	0	0	0	0	0	0	0	0	0	0	0	0	0	0	1
Acer35_S35_L001	9	0	0	0	0	0	0	0	0	0	0	0	0	0	0	0	0	0	0	0	0	0	0	1	0	0	1	12	0	0	0	0	0	0	0	0	0	0	0	0	0	0	0	1
Acer362_S324_L001	19	0	0	0	0	0	0	0	0	0	0	0	0	0	0	0	0	0	0	2	0	0	1	0	0	1	3	39	0	0	0	0	0	0	0	0	0	0	0	0	0	0	0	5
Acer364_S325_L001	102	5	0	0	0	0	0	0	0	0	0	1	0	0	2	1	1	0	0	0	3	4	2	1	2	7	19	122	2	0	0	0	0	0	0	0	0	0	0	0	0	0	1	7
Acer365_S326_L001	65	3	0	0	0	0	0	0	0	0	0	0	0	0	2	0	1	0	2	3	3	0	0	3	1	7	13	107	1	0	0	0	0	0	0	0	0	0	0	0	0	0	0	6
Acer366_S327_L001	32	1	0	0	0	0	0	0	0	0	0	0	0	0	2	0	0	0	2	0	1	2	0	0	0	1	2	26	0	0	0	0	0	0	0	0	0	0	0	0	0	0	0	2
Acer367_S328_L001	89	2	0	0	0	0	0	0	0	0	0	0	0	3	0	2	4	0	1	1	7	1	1	3	1	3	11	100	0	1	0	0	0	1	0	0	0	0	0	0	0	0	1	6
Acer369_S329_L001	156	4	0	0	0	0	0	0	0	0	0	0	0	0	1	0	1	1	0	5	3	8	4	2	2	8	21	110	0	0	0	0	0	0	1	0	0	0	0	0	0	0	1	6
Acer36_S36_L001	3	0	0	0	0	0	0	0	0	0	0	0	0	0	0	0	0	0	0	1	0	0	0	0	0	0	1	4	0	0	0	0	0	0	0	0	0	0	0	0	0	0	0	1
Acer370_S330_L001	44	4	0	0	0	0	0	0	0	0	1	0	0	1	0	0	0	2	0	0	2	0	1	0	0	0	6	51	0	0	0	0	0	0	0	0	0	0	0	0	0	0	0	6
Acer372_S331_L001	170	7	0	0	0	0	0	0	0	0	0	0	0	0	2	2	1	2	1	0	3	11	10	6	11	12	21	195	3	0	0	0	0	0	1	0	0	0	0	0	0	0	1	6
Acer373_S332_L001	54	4	0	0	0	0	0	0	0	0	0	0	0	0	2	0	1	2	1	1	3	2	0	1	3	2	8	65	6	0	0	0	0	0	0	0	0	0	0	0	0	0	0	6
Acer37_S37_L001	11	1	0	0	0	0	0	0	0	0	0	0	0	0	1	0	1	1	0	0	0	0	0	0	1	0	1	18	3	0	0	0	0	0	0	0	0	0	0	0	0	0	0	1
Acer38_S38_L001	14	0	0	0	0	0	0	0	0	0	0	0	0	0	0	0	0	1	0	0	0	0	0	0	0	2	2	22	0	0	0	0	0	0	0	0	0	0	0	0	0	0	0	1
Acer395_S333_L001	52	3	0	0	0	0	0	0	0	0	0	0	0	0	2	0	2	1	0	0	1	2	0	1	1	3	3	72	1	0	0	0	0	0	0	0	0	0	0	0	0	0	0	6
Acer398_S334_L001	36	1	0	0	0	0	0	0	0	0	0	0	0	1	0	0	0	1	3	1	1	2	3	2	2	2	7	78	10	0	0	0	0	0	0	0	0	0	0	0	0	0	0	5
Acer39_S39_L001	4	1	0	0	0	0	0	0	0	0	0	0	0	0	0	0	0	0	0	0	0	0	0	0	0	0	1	8	0	0	0	0	0	0	0	0	0	0	0	0	0	0	0	1
Acer3_S3_L001	2	0	0	0	0	0	0	0	0	0	0	0	0	0	0	0	0	0	0	0	0	0	0	0	0	0	2	7	0	0	0	0	0	0	0	0	0	0	0	0	0	0	0	0
Acer402_S335_L001	43	1	0	0	0	0	0	0	0	0	0	0	0	0	0	0	2	1	3	2	1	2	0	2	1	1	9	74	3	0	0	0	0	0	0	0	0	0	0	0	0	0	0	6
Acer406_S336_L001	39	2	0	0	0	0	0	0	0	0	0	0	0	0	2	0	1	0	3	1	5	2	2	1	2	2	3	54	0	0	0	0	0	0	0	0	0	0	0	0	0	0	0	5
Acer40_S40_L001	38	1	0	0	0	0	0	0	0	0	0	0	0	0	1	4	1	2	0	4	1	2	0	2	3	3	8	54	0	0	0	0	0	0	0	0	0	0	0	0	0	0	0	2
Acer410_S337_L001	30	0	0	0	0	0	0	0	0	0	0	0	0	0	3	3	0	0	4	3	4	1	0	2	1	3	6	73	0	0	0	0	0	0	0	0	0	0	0	0	0	0	0	5
Acer413_S338_L001	123	4	0	0	0	0	0	0	0	0	0	0	0	0	3	0	0	0	3	0	1	2	3	2	7	4	12	88	2	0	0	0	2	0	0	0	0	0	0	0	0	0	0	6
Acer414_S339_L001	12	1	0	0	0	0	0	0	0	0	0	0	0	1	0	0	1	0	2	1	1	0	0	0	0	2	6	54	3	0	0	0	0	0	0	0	0	0	0	0	0	0	0	6
Acer415_S340_L001	26	3	0	0	0	0	0	0	0	0	0	0	2	0	0	0	0	0	1	0	2	1	0	1	2	1	6	44	0	0	0	0	0	0	0	0	0	0	0	0	0	0	0	5
Acer416_S341_L001	23	1	0	0	0	0	0	0	0	0	0	0	0	0	0	0	0	0	0	0	1	0	0	0	1	0	2	31	1	0	0	0	0	0	0	0	0	0	0	0	0	0	0	5
Acer419_S342_L001	37	3	0	0	0	0	0	0	0	0	0	0	0	0	0	0	0	0	1	0	0	0	0	2	0	2	3	47	0	0	0	0	0	0	0	0	0	0	0	0	0	0	0	6
Acer41_S41_L001	10	0	0	0	0	0	0	0	0	0	0	0	0	1	0	0	3	1	0	0	0	1	0	1	2	1	4	27	7	0	0	0	0	0	0	0	0	0	0	0	0	0	0	1
Acer42_S42_L001	4	0	0	0	0	0	0	0	0	0	0	0	0	1	0	0	0	1	0	0	0	0	0	0	0	0	1	8	0	0	0	0	0	0	0	0	0	0	0	0	0	0	0	1
Acer43_S43_L001	11	1	0	0	0	0	0	0	0	0	0	0	0	0	0	0	0	0	1	0	0	0	3	1	0	0	8	28	0	0	0	0	0	0	0	0	0	0	0	0	0	0	0	2
Acer44_S44_L001	10	1	0	0	0	0	0	0	0	0	0	0	0	0	1	0	0	0	0	0	1	0	0	0	1	0	1	20	1	0	0	0	0	0	0	0	0	0	0	0	0	0	0	1
Acer45_S45_L001	1	0	0	0	0	0	0	0	0	0	0	0	0	0	0	0	0	0	0	0	0	0	0	0	0	0	0	4	1	0	0	0	0	0	0	0	0	0	0	0	0	0	0	0
Acer46_S46_L001	10	0	0	0	0	0	0	0	0	0	0	0	0	0	0	0	0	0	0	0	0	0	0	0	2	0	2	13	1	0	0	0	0	0	0	0	0	0	0	0	0	0	0	1
Acer47_S47_L001	1	1	0	0	0	0	0	0	0	0	0	0	0	0	0	0	0	0	0	0	0	0	0	0	0	0	1	3	0	0	0	0	0	0	0	0	0	0	0	0	0	0	0	0
Acer48_S48_L001	0	0	0	0	0	0	0	0	0	0	0	0	0	0	0	0	0	0	0	0	0	0	0	0	0	0	0	3	0	0	0	0	0	0	0	0	0	0	0	0	0	0	0	0
Acer49_S49_L001	3	0	0	0	0	0	0	0	0	0	0	0	0	0	0	0	0	0	0	0	0	0	0	0	0	1	1	8	0	0	0	0	0	0	0	0	0	0	0	0	0	0	0	1
Acer4_S4_L001	2	0	0	0	0	0	0	0	0	0	0	0	0	0	0	0	0	0	0	0	0	0	0	0	0	2	0	5	0	0	0	0	0	0	0	0	0	0	0	0	0	0	0	0
Acer504_S343_L001	9	0	0	0	0	0	0	0	0	0	0	0	0	0	0	0	0	0	0	0	0	0	0	0	0	1	1	7	1	0	0	0	0	0	0	0	0	0	0	0	0	0	0	1
Acer506_S344_L001	54	2	0	0	0	0	0	0	0	0	0	0	0	0	0	0	0	0	1	2	1	1	1	2	3	4	11	71	0	0	0	0	0	0	0	0	0	0	0	0	0	0	0	5
Acer508_S345_L001	35	2	0	0	0	0	0	0	0	0	0	0	0	0	0	1	0	0	0	0	1	1	1	0	2	3	4	54	1	0	0	0	0	0	0	0	0	0	0	0	0	0	0	6
Acer50_S50_L001	16	1	0	0	0	0	1	1	0	0	0	0	0	0	0	0	0	0	0	1	0	0	0	2	1	1	2	30	1	0	0	0	0	0	0	0	0	0	0	0	0	0	0	2
Acer513_S346_L001	16	1	0	0	0	0	0	0	0	0	0	0	0	0	0	0	1	0	1	4	1	1	2	0	3	2	4	62	0	0	0	0	0	0	0	0	0	0	0	0	0	0	0	6
Acer515_S347_L001	7	0	0	0	0	0	0	0	0	0	0	0	0	0	0	2	1	4	2	3	4	4	4	2	5	3	12	68	1	0	0	0	0	0	0	0	0	0	0	0	0	0	1	5
Acer51_S51_L001	13	0	0	0	0	0	2	2	0	0	0	0	0	0	0	0	0	0	0	1	0	0	0	0	0	1	2	14	0	0	0	0	0	0	0	0	0	0	0	0	0	0	0	1
Acer528_S348_L001	42	2	0	0	0	0	0	0	0	0	0	0	1	2	2	3	3	3	3	2	6	3	5	9	7	6	7	104	1	0	1	0	0	0	0	0	0	0	0	0	0	0	0	3
Acer52_S52_L001	4	0	0	0	0	0	0	0	0	0	0	0	0	0	0	0	0	0	0	0	0	0	0	0	0	0	1	13	0	0	0	0	0	0	0	0	0	0	0	0	0	0	0	1
Acer534_S349_L001	9	0	0	0	0	0	0	0	0	0	0	0	0	1	0	1	0	0	0	0	0	1	0	0	0	0	4	22	0	0	0	0	0	0	0	0	0	0	0	0	0	0	0	1
Acer538_S350_L001	14	1	0	0	0	0	0	0	0	0	0	0	0	0	0	0	0	0	0	0	0	1	0	0	0	0	2	17	1	0	0	0	0	0	0	0	0	0	0	0	0	0	0	3
Acer53_S53_L001	7	0	0	0	0	0	0	0	0	0	0	0	0	0	0	0	0	0	0	1	0	0	0	0	0	0	2	11	0	0	0	0	0	0	0	0	0	0	0	0	0	0	0	1
Acer547_S351_L001	1	0	0	0	0	0	0	0	0	0	0	0	0	0	0	0	0	0	0	0	1	0	0	0	0	0	1	4	0	0	0	0	0	0	0	0	0	0	0	0	0	0	0	0
Acer548_S352_L001	8	0	0	0	0	0	0	0	0	0	0	0	0	0	0	0	0	1	0	0	0	0	0	0	0	0	2	12	0	0	0	0	0	0	0	0	0	0	0	0	0	0	0	1
Acer54_S54_L001	7	0	0	0	0	0	0	0	0	0	0	0	0	0	0	0	0	1	0	1	0	2	0	0	0	1	2	13	0	0	0	0	0	0	0	0	0	0	0	0	0	0	0	1
Acer553_S353_L001	10	1	0	0	0	0	0	0	0	0	0	0	0	0	0	0	0	0	0	0	0	0	2	1	1	1	1	12	0	0	0	0	0	0	0	0	0	0	0	0	0	0	0	1
Acer554_S354_L001	7	0	0	0	0	0	0	0	0	0	0	0	0	0	0	0	0	0	0	0	0	0	0	0	0	0	2	10	0	0	0	0	0	0	0	0	0	0	0	0	0	0	0	1
Acer555_S355_L001	5	0	0	0	0	0	0	0	0	0	0	0	0	0	0	0	0	0	0	0	1	0	0	0	1	0	2	10	0	0	0	0	0	0	0	0	0	0	0	0	0	0	0	1
Acer556_S356_L001	6	0	0	0	0	0	0	0	0	0	0	0	0	0	0	0	1	0	0	0	0	0	0	0	0	0	1	11	0	0	0	0	0	0	0	0	0	0	0	0	0	0	0	1
Acer557_S357_L001	5	0	0	0	0	0	0	0	0	0	0	0	0	0	0	0	0	0	0	0	0	0	0	0	1	0	2	13	0	0	0	0	0	0	0	0	0	0	0	0	0	0	0	4
Acer558_S358_L001	29	1	0	0	0	0	0	0	0	0	0	0	0	4	0	0	2	1	1	2	0	1	1	0	4	6	4	66	0	0	0	0	0	0	0	0	0	1	0	0	0	0	0	6
Acer559_S359_L001	51	3	0	0	0	0	0	0	0	0	0	0	0	1	0	0	1	1	1	2	3	5	2	3	8	6	8	82	3	0	0	0	0	0	0	0	0	0	0	0	0	0	0	6
Acer55_S55_L001	9	0	0	0	0	0	0	0	0	0	0	0	0	0	2	0	0	0	0	1	1	0	0	0	0	0	1	11	0	0	0	0	0	0	0	0	0	0	0	0	0	0	0	1
Acer565_S360_L001	29	1	0	0	0	0	0	0	0	0	0	0	0	0	0	1	2	2	1	1	0	0	0	0	1	1	7	39	0	0	0	0	0	0	0	0	0	0	0	0	0	0	0	4
Acer569_S361_L001	20	0	0	0	0	0	0	0	0	0	0	0	0	0	0	2	1	0	0	0	1	1	0	0	0	0	2	23	0	0	0	0	0	0	0	0	0	0	0	0	0	0	0	2
Acer56_S56_L001	3	0	0	0	0	0	0	0	0	0	0	0	0	0	0	0	0	0	0	0	0	0	0	0	0	0	1	6	0	0	0	0	0	0	0	0	0	0	0	0	0	0	0	1
Acer572_S362_L001	62	4	0	0	0	0	0	0	0	0	0	0	0	0	0	0	2	4	0	0	2	2	1	3	5	2	5	59	1	0	0	0	0	0	0	0	0	0	0	0	0	0	0	6
Acer575_S363_L001	48	3	0	0	0	0	0	0	0	0	0	0	0	1	2	0	1	1	3	3	1	1	1	1	3	1	8	68	1	0	0	0	0	0	0	0	0	0	0	0	0	0	0	6
Acer576_S364_L001	28	1	0	0	0	0	0	0	0	0	0	0	0	0	1	1	0	1	0	0	1	0	0	0	0	1	2	36	0	0	0	0	0	0	0	0	0	0	0	0	0	0	0	6
Acer57_S57_L001	2	0	0	0	0	0	0	0	0	0	0	0	0	0	0	0	0	0	0	0	0	0	0	0	0	0	0	4	0	0	0	0	0	0	0	0	0	0	0	0	0	0	0	0
Acer581_S365_L001	19	1	0	0	0	0	0	0	0	0	0	0	0	0	0	0	0	0	0	0	2	1	0	0	2	1	3	30	0	0	0	0	0	0	0	0	0	0	0	0	0	0	0	5
Acer584_S366_L001	8	0	0	0	0	0	0	0	0	0	0	0	0	0	0	1	0	0	0	0	0	0	0	0	0	0	1	11	0	0	0	0	0	0	0	0	0	0	0	0	0	0	0	2
Acer58_S58_L001	2	0	0	0	0	0	0	0	0	0	0	0	0	0	0	0	0	0	0	0	0	0	0	0	0	0	1	7	0	0	0	0	0	0	0	0	0	0	0	0	0	0	0	0
Acer590_S367_L001	26	1	0	0	0	0	0	0	0	0	0	0	0	0	2	0	0	0	1	1	3	2	3	1	2	3	8	74	1	0	0	0	0	0	0	0	0	0	0	0	0	0	1	6
Acer591_S368_L001	4	0	0	0	0	0	0	0	0	0	0	0	0	0	0	0	0	0	0	0	0	0	0	0	0	0	1	8	1	0	0	0	0	0	0	0	0	0	0	0	0	0	0	1
Acer594_S369_L001	33	0	0	0	0	0	0	0	0	0	0	0	1	0	0	0	1	1	1	5	4	0	0	1	0	2	3	67	0	0	0	0	0	0	0	0	0	0	0	0	0	0	0	5
Acer595_S370_L001	24	0	0	0	0	0	0	0	0	0	0	0	0	0	1	2	1	0	1	0	1	2	0	0	1	2	2	44	0	0	0	0	0	0	0	0	0	0	0	0	0	0	0	5
Acer596_S371_L001	23	1	0	0	0	0	0	0	0	0	0	0	0	0	0	0	2	1	0	0	0	0	0	0	0	0	2	41	1	0	0	0	0	0	0	0	0	0	0	0	0	0	0	2
Acer59_S59_L001	1	0	0	0	0	0	0	0	0	0	0	0	0	0	0	0	0	0	0	0	0	0	0	0	0	0	0	3	0	0	0	0	0	0	0	0	0	0	0	0	0	0	0	0
Acer5_S5_L001	10	0	0	0	0	0	0	0	0	0	0	0	0	0	0	0	0	1	0	0	1	0	0	0	1	0	1	12	0	0	0	0	0	0	0	0	0	0	0	0	0	0	0	1
Acer607_S372_L001	13	1	0	0	0	0	0	0	0	0	0	0	0	0	1	0	2	0	0	0	0	0	0	0	0	1	2	24	0	0	0	0	0	0	0	0	0	0	0	0	0	0	0	5
Acer60_S60_L001	6	0	0	0	0	0	0	0	0	0	0	0	0	0	0	0	0	0	0	0	0	0	0	0	0	1	1	9	0	0	0	0	0	0	0	0	0	0	0	0	0	0	0	1
Acer61_S61_L001	9	0	0	0	0	0	0	0	0	0	0	0	0	0	0	0	0	0	0	0	0	0	0	1	0	0	1	12	0	0	0	0	0	0	0	0	0	0	0	0	0	0	0	1
Acer62_S62_L001	3	0	0	0	0	0	0	0	0	0	0	0	0	0	0	0	0	0	0	0	0	0	0	0	0	0	0	4	0	0	0	0	0	0	0	0	0	0	0	0	0	0	0	1
Acer63_S63_L001	2	0	0	0	0	0	0	0	0	0	0	0	0	0	0	0	0	0	0	0	0	1	0	0	0	1	2	11	0	0	0	0	0	0	0	0	0	0	0	0	0	0	0	1
Acer64_S64_L001	2	0	0	0	0	0	0	0	0	0	0	0	0	0	0	0	0	0	0	0	0	0	0	0	0	0	1	2	0	0	0	0	0	0	0	0	0	0	0	0	0	0	0	0
Acer65_S65_L001	0	0	0	0	0	0	0	0	0	0	0	0	0	0	0	0	0	0	0	0	0	0	0	0	0	0	1	2	0	0	0	0	0	0	0	0	0	0	0	0	0	0	0	0
Acer66_S66_L001	0	0	0	0	0	0	0	0	0	0	0	0	0	0	0	0	0	0	0	0	0	0	0	0	0	0	0	3	0	0	0	0	0	0	0	0	0	0	0	0	0	0	0	0
Acer67_S67_L001	0	0	0	0	0	0	0	0	0	0	0	0	0	0	0	0	0	0	0	0	0	0	0	0	0	0	0	1	0	0	0	0	0	0	0	0	0	0	0	0	0	0	0	0
Acer67b_S293_L001	40	3	0	0	0	0	0	0	0	0	0	0	0	0	1	1	0	1	0	2	2	1	2	1	2	4	4	57	1	0	0	0	0	0	0	0	0	0	0	0	0	0	0	4
Acer67c_S294_L001	102	5	0	0	0	0	0	0	0	0	0	1	0	0	3	1	3	1	0	0	4	2	1	3	4	13	15	109	3	0	0	0	0	0	1	0	0	0	0	0	0	0	0	6
Acer68b_S289_L001	42	1	0	0	0	0	0	0	0	0	0	0	0	0	1	1	0	0	1	0	0	1	0	2	2	7	3	58	2	0	0	0	0	0	0	0	0	0	0	0	0	0	0	6
Acer68c_S295_L001	47	1	0	0	0	0	0	0	0	0	0	0	0	1	0	0	0	1	2	0	3	0	5	3	2	6	7	72	3	0	0	0	0	0	0	0	0	0	0	0	0	1	0	6
Acer69b_S296_L001	59	2	0	0	0	0	0	0	0	0	0	0	0	1	0	0	2	1	0	0	3	0	0	3	2	7	5	53	1	0	0	0	0	0	0	0	0	0	0	0	0	0	0	4
Acer6_S6_L001	23	1	0	0	0	0	0	0	0	0	0	0	0	1	1	0	1	2	0	0	1	2	1	1	1	2	8	44	0	0	0	0	0	0	0	0	0	0	0	0	0	0	0	1
Acer70b_S297_L001	7	0	0	0	0	0	0	0	0	0	0	0	0	0	0	0	0	0	0	0	0	0	0	1	1	0	1	12	0	0	0	0	0	0	0	0	0	0	0	0	0	0	0	1
Acer71b_S298_L001	3	0	0	0	0	0	0	0	0	0	0	0	0	0	0	0	0	0	0	0	0	0	0	0	0	0	0	1	0	0	0	0	0	0	0	0	0	0	0	0	0	0	0	1
Acer72_S72_L001	0	0	0	0	0	0	0	0	0	0	0	0	0	0	0	0	0	0	0	0	0	0	0	0	0	0	0	2	0	0	0	0	0	0	0	0	0	0	0	0	0	0	0	0
Acer73_S73_L001	4	0	0	0	0	0	0	0	0	0	0	0	0	0	0	0	0	0	0	0	1	0	0	0	0	1	1	6	0	0	0	0	0	0	0	0	0	0	0	0	0	0	0	1
Acer74b_S299_L001	3	0	0	0	0	0	0	0	0	0	0	0	0	0	0	0	1	0	0	0	0	0	0	0	0	0	0	9	0	0	0	0	0	0	0	0	0	0	0	0	0	0	0	1
Acer75_S74_L001	3	0	0	0	0	0	0	0	0	0	0	0	0	0	0	0	0	0	0	0	0	0	0	0	1	0	2	11	0	0	0	0	0	0	0	0	0	0	0	0	0	0	0	1
Acer76_S76_L001	3	0	0	0	0	0	0	0	0	0	0	0	0	0	1	0	0	0	0	0	0	0	0	0	0	0	1	10	0	0	0	0	0	0	0	0	0	0	0	0	0	0	0	1
Acer77_S77_L001	10	0	0	0	0	0	0	0	0	0	0	0	0	0	0	0	0	0	0	1	0	0	0	1	0	1	3	13	0	0	0	0	0	0	0	0	0	0	0	0	0	0	0	1
Acer78_S78_L001	8	0	0	0	0	0	0	0	0	0	0	0	0	0	0	0	0	0	0	0	1	0	0	0	0	0	1	13	2	0	0	0	0	0	0	0	0	0	0	0	0	0	0	2
Acer79_S79_L001	17	1	0	0	0	0	0	0	0	0	0	0	0	2	1	2	2	1	0	0	1	0	0	1	1	3	6	23	0	0	0	0	0	0	0	0	0	0	0	0	0	0	0	4
Acer7_S7_L001	2	1	0	0	0	0	0	0	0	0	0	0	0	0	0	0	0	0	0	0	0	0	0	0	0	1	1	8	1	0	0	0	0	0	0	0	0	0	0	0	0	0	0	1
Acer80_S80_L001	2	0	0	0	0	0	0	0	0	0	0	0	0	0	0	0	0	0	0	0	0	0	0	0	0	0	3	7	0	0	0	0	0	0	0	0	0	0	0	0	0	0	0	1
Acer81_S81_L001	41	1	0	0	0	0	0	0	0	0	0	0	0	1	1	2	2	0	0	3	7	1	0	3	2	1	8	58	1	0	0	0	0	0	0	0	0	0	0	0	0	0	0	2
Acer82_S82_L001	2	0	0	0	0	0	0	0	0	0	0	0	0	0	0	0	0	0	0	0	0	0	0	0	0	0	3	4	0	0	0	0	0	0	0	0	0	0	0	0	0	0	0	1
Acer83_S83_L001	3	0	0	0	0	0	0	0	0	0	0	0	0	0	0	0	0	0	0	0	0	0	0	0	0	0	1	6	0	0	0	0	0	0	0	0	0	0	0	0	0	0	0	1
Acer84_S84_L001	39	1	0	0	0	0	0	0	0	0	0	0	0	0	0	0	0	1	2	0	1	2	4	3	3	3	12	60	4	0	0	0	0	0	0	0	0	0	0	0	0	0	0	1
Acer85_S85_L001	13	0	0	0	0	0	0	0	0	0	0	0	0	0	0	0	0	0	0	0	0	0	0	0	1	2	1	15	0	0	0	0	0	0	0	0	0	0	0	0	0	0	0	1
Acer86_S86_L001	3	0	0	0	0	0	0	0	0	0	0	0	0	0	0	0	0	0	0	0	0	0	0	0	0	1	1	13	0	0	0	0	0	0	0	0	0	0	0	0	0	0	0	0
Acer87_S87_L001	4	1	0	0	0	0	0	0	0	0	0	0	0	0	0	0	0	0	0	1	0	0	0	0	0	0	1	7	0	0	0	0	0	0	0	0	0	0	0	0	0	0	0	1
Acer88_S88_L001	7	0	0	0	0	0	0	0	0	0	0	0	0	0	0	0	0	0	0	0	0	0	0	0	0	0	2	6	0	0	0	0	0	0	0	0	0	0	0	0	0	0	0	1
Acer89_S89_L001	23	1	0	0	0	0	0	0	0	0	0	0	0	0	0	0	0	0	0	0	0	0	0	2	1	0	3	39	0	0	0	0	0	0	0	0	0	0	0	0	0	0	0	4
Acer8_S8_L001	4	0	0	0	0	0	0	0	0	0	0	0	0	0	0	0	2	0	0	0	0	0	0	0	0	1	2	14	1	0	0	0	0	0	0	0	0	0	0	0	0	0	0	1
Acer90_S90_L001	4	1	0	0	0	0	0	0	0	0	0	0	0	0	0	0	2	0	0	0	0	0	0	0	0	1	0	12	1	0	0	0	0	0	0	0	0	0	0	0	0	1	0	1
Acer91_S91_L001	33	2	0	0	0	0	0	0	0	0	0	0	0	0	0	0	0	0	0	0	1	0	1	2	1	1	9	54	2	0	0	0	0	0	0	0	0	0	0	0	0	0	0	4
Acer92_S92_L001	7	0	0	0	0	0	0	0	0	0	0	0	0	0	0	0	0	0	0	0	1	0	0	2	0	1	1	16	1	0	0	0	0	0	0	0	0	0	0	0	0	1	0	1
Acer93_S141_L001	20	1	0	0	0	0	0	0	0	0	0	0	0	0	0	0	0	0	0	1	0	0	0	0	0	0	5	15	1	0	0	0	0	0	0	0	0	0	0	0	0	0	0	2
Acer94_S153_L001	13	0	0	0	0	0	0	0	0	0	0	0	0	0	0	0	0	1	0	1	0	0	1	0	1	0	3	23	0	0	0	0	0	0	0	0	0	0	0	0	0	0	0	5
Acer95_S165_L001	39	2	0	0	0	0	0	0	0	0	0	0	0	0	1	0	0	1	0	0	1	0	3	3	1	3	5	56	1	0	0	0	0	0	0	0	0	0	0	1	0	0	0	6
Acer96_S97_L001	6	0	0	0	0	0	0	0	0	0	0	0	0	0	0	0	0	0	0	1	0	0	0	1	0	0	2	13	0	0	0	0	0	0	0	0	0	0	0	0	0	0	0	3
Acer97_S109_L001	18	1	0	0	0	0	0	0	0	0	0	0	0	0	0	0	1	1	0	0	1	0	0	1	0	1	3	23	0	0	0	0	0	0	0	0	0	0	0	0	0	0	1	1
Acer98_S121_L001	12	0	0	0	0	0	0	0	0	0	0	0	0	0	0	0	0	1	1	0	0	0	1	0	0	0	3	21	0	0	0	0	0	0	0	0	0	0	0	0	0	0	0	3
Acer99_S133_L001	110	2	0	0	0	0	0	0	1	0	0	0	0	2	4	0	0	7	1	1	3	7	5	5	4	22	19	111	4	0	0	0	0	0	1	0	0	0	0	0	0	0	0	6
Acer9_S9_L001	5	0	0	0	0	0	0	0	0	0	0	0	0	0	0	0	0	0	0	0	0	0	0	0	0	0	0	5	1	0	0	0	0	0	0	0	0	0	0	0	0	0	0	0
AcerDNAblankP1_S96_L001	1	0	0	0	0	0	0	0	0	0	0	0	0	0	1	0	0	0	0	0	0	0	0	0	0	0	0	4	0	0	0	0	0	0	0	0	0	0	0	0	0	0	0	0
AcerMOCKP2_S190_L001	53	0	0	0	0	0	0	0	0	0	0	0	2	0	0	6	6	0	9	3	7	11	16	5	12	14	23	44	0	0	0	0	0	0	0	0	0	0	0	0	0	0	0	1
AcerMOCKP4_S291_L001	300	2	0	0	0	0	0	0	0	0	0	0	4	3	16	9	20	15	33	16	23	38	60	81	73	76	134	221	0	0	0	0	0	0	0	0	0	0	0	0	0	0	1	1
AcerMockP1_S95_L001	8	0	0	0	0	0	0	0	0	0	0	0	0	0	0	0	2	0	4	0	0	1	4	0	0	0	1	9	0	0	0	0	0	0	0	0	0	0	0	0	0	0	0	0
AcerMockP3_S193_L001	27	0	0	0	0	0	0	0	0	0	0	0	0	0	0	0	2	0	4	0	0	1	4	0	0	0	1	9	0	0	0	0	0	0	0	0	0	0	0	0	0	0	0	0
AcerNTCP2a_S106_L001	0	0	0	0	0	0	0	0	0	0	0	0	0	0	0	0	0	0	0	0	0	0	0	0	0	0	0	2	0	0	0	0	0	0	0	0	0	0	0	0	0	0	0	0
AcerNTCP3a_S194_L001	0	0	0	0	0	0	0	0	0	0	0	0	0	0	0	0	0	1	0	0	0	0	0	0	0	0	0	2	0	0	0	0	0	0	0	0	0	0	0	0	0	0	0	0
AcerNTCP3b_S195_L001	0	0	0	0	0	0	0	0	0	0	0	0	0	0	0	0	0	0	0	0	0	1	0	0	0	0	1	2	0	0	0	0	0	0	0	0	0	0	0	0	0	0	0	0
AcerNTCP4a_S290_L001	0	0	0	0	0	0	0	0	0	0	0	0	0	0	0	0	0	0	0	0	0	1	0	1	0	0	0	5	0	0	0	0	0	0	0	0	0	0	0	0	0	0	0	0
