sample	0	1	2	3	4	5	6	7	8	9	10	11	12	13	14	15	16
Acer100_S145_L001	219	14	20	10	6	4	10	3	3	0	2	1	1	1	0	0	0
Acer101_S157_L001	16	0	0	1	0	0	0	0	0	0	0	0	0	0	0	0	0
Acer102_S169_L001	47	0	1	0	0	1	1	0	0	0	0	0	0	0	0	0	0
Acer103_S181_L001	143	5	2	1	0	2	2	2	0	0	0	0	1	0	0	0	0
Acer104_S98_L001	20	0	0	0	0	1	0	0	1	0	0	0	0	0	0	0	0
Acer105_S110_L001	18	1	0	0	0	0	0	0	0	0	0	0	0	0	0	0	0
Acer106_S122_L001	76	3	4	0	0	1	1	2	1	0	0	0	1	0	0	0	0
Acer107_S134_L001	88	2	3	2	2	1	0	1	1	1	1	1	0	0	0	0	0
Acer108_S146_L001	62	1	2	2	1	4	1	0	0	2	0	0	1	2	0	0	0
Acer109_S158_L001	21	0	0	0	0	0	0	0	0	0	0	0	0	0	0	0	0
Acer10_S10_L001	16	0	2	0	0	0	0	0	0	0	0	0	0	0	0	0	0
Acer110_S170_L001	20	0	0	0	0	0	0	0	0	0	0	0	1	0	0	1	0
Acer111_S182_L001	18	0	0	0	0	0	0	0	0	0	0	0	0	0	0	0	0
Acer112_S99_L001	42	1	0	1	1	0	1	0	0	1	0	0	1	1	0	0	0
Acer113_S111_L001	51	1	0	1	0	1	0	0	0	0	0	0	0	0	0	0	0
Acer114_S123_L001	33	0	0	0	0	1	0	0	0	0	2	0	0	0	0	0	0
Acer115_S135_L001	13	0	0	0	0	0	0	0	0	0	0	0	0	0	0	0	0
Acer116_S147_L001	35	1	0	0	0	0	0	0	0	0	0	0	0	0	0	0	0
Acer117_S159_L001	93	1	2	0	1	2	2	1	0	0	0	0	1	1	0	0	0
Acer118_S171_L001	88	4	0	0	1	1	1	0	0	0	1	0	0	0	0	0	0
Acer119_S183_L001	9	0	0	0	0	0	0	0	0	0	0	0	0	0	0	0	0
Acer11_S11_L001	10	1	0	0	0	0	0	0	0	1	0	0	0	0	0	0	0
Acer120_S100_L001	70	0	2	0	0	0	2	1	2	0	0	0	0	1	0	0	0
Acer121_S112_L001	10	0	0	0	0	0	0	0	0	0	0	0	0	0	0	0	0
Acer122_S124_L001	52	2	1	5	1	3	0	0	0	1	1	0	0	0	0	0	0
Acer123_S136_L001	97	2	0	1	0	0	0	1	0	1	1	1	0	0	0	0	0
Acer124_S148_L001	23	0	0	0	0	0	0	0	0	0	0	0	0	0	0	0	0
Acer125_S160_L001	24	0	0	0	0	0	0	0	0	1	0	0	0	0	0	0	0
Acer126_S172_L001	64	2	0	0	0	2	1	0	0	1	1	2	0	0	0	0	0
Acer127_S184_L001	52	1	1	0	1	3	1	1	0	0	0	0	1	0	0	0	0
Acer128_S101_L001	65	1	2	1	1	3	1	0	0	0	0	0	0	0	0	0	0
Acer129_S113_L001	90	8	2	1	0	3	3	0	1	1	1	1	0	0	0	0	0
Acer12_S12_L001	15	0	0	0	0	0	0	0	0	0	0	0	0	0	0	0	0
Acer130_S125_L001	28	3	0	0	0	0	0	0	0	0	0	0	0	0	0	0	0
Acer131_S137_L001	108	8	1	1	1	1	4	0	1	0	0	0	0	0	0	0	0
Acer132_S149_L001	78	0	1	0	0	0	5	0	1	1	1	0	0	0	0	0	0
Acer133_S161_L001	97	1	0	2	0	3	3	0	0	2	0	0	0	0	0	0	0
Acer134_S173_L001	98	1	0	0	0	0	5	1	0	0	1	0	0	0	0	0	0
Acer135_S185_L001	63	1	1	1	0	2	2	1	0	0	0	0	0	1	0	0	0
Acer136_S102_L001	26	0	0	0	0	0	0	1	0	0	0	0	0	0	0	1	0
Acer137_S114_L001	18	0	0	0	0	0	0	0	0	0	0	0	0	1	0	0	0
Acer138_S126_L001	11	0	0	0	0	0	0	0	0	0	0	0	0	0	0	0	0
Acer139_S138_L001	13	0	0	0	0	0	0	0	0	0	0	0	0	0	0	0	0
Acer13_S13_L001	61	2	1	0	1	0	0	1	1	1	0	0	1	2	0	0	0
Acer140_S150_L001	41	1	0	1	0	0	0	0	0	1	0	0	0	0	0	0	0
Acer141_S162_L001	97	0	1	1	0	0	0	0	0	0	0	1	0	0	0	0	0
Acer142_S174_L001	48	0	1	0	1	0	1	0	0	0	0	0	1	1	0	0	0
Acer143_S186_L001	99	5	2	1	1	1	4	2	1	0	0	1	0	0	0	0	0
Acer144_S103_L001	19	0	0	0	0	0	0	0	0	0	0	0	0	0	0	0	0
Acer145_S115_L001	37	0	1	1	0	0	0	1	0	0	0	0	0	0	0	0	0
Acer146_S127_L001	55	0	1	2	1	2	2	0	0	1	1	0	0	0	0	0	0
Acer147_S139_L001	43	0	0	0	0	0	0	0	0	0	1	0	0	0	0	0	0
Acer148_S151_L001	14	1	0	0	0	0	0	0	0	0	0	0	0	0	0	0	0
Acer149_S163_L001	110	1	1	0	1	1	7	0	0	0	0	1	1	0	0	0	0
Acer14_S14_L001	28	0	0	0	0	0	0	0	0	0	0	0	0	0	0	0	0
Acer150_S175_L001	82	1	1	1	0	3	0	0	1	1	0	0	0	0	0	0	0
Acer151_S187_L001	105	2	3	1	0	1	3	0	0	0	1	0	0	0	0	0	0
Acer152_S104_L001	60	0	1	2	0	1	0	0	0	0	2	0	1	0	0	0	0
Acer153_S116_L001	26	0	0	0	0	0	0	0	2	0	0	0	0	0	0	0	0
Acer154_S128_L001	102	2	3	3	1	4	2	1	0	1	2	0	0	0	0	0	0
Acer155_S140_L001	20	0	0	0	0	0	0	0	0	0	0	0	0	0	0	0	0
Acer156_S152_L001	67	0	0	1	2	3	0	2	1	0	0	0	0	0	0	0	0
Acer157_S164_L001	132	3	1	6	1	1	3	4	1	0	2	0	0	1	0	0	0
Acer158_S176_L001	64	1	0	0	1	1	2	2	0	0	0	0	1	0	1	0	0
Acer159_S188_L001	56	0	0	1	0	0	3	1	0	0	0	0	0	0	0	0	0
Acer15_S15_L001	82	2	0	2	1	3	0	2	1	2	0	0	0	0	0	0	0
Acer160_S105_L001	107	0	0	1	1	1	2	1	0	0	1	0	0	0	0	0	0
Acer161_S117_L001	28	0	0	0	0	0	1	1	0	0	0	0	0	0	0	0	0
Acer162_S129_L001	72	1	1	0	0	4	0	2	0	0	0	0	0	0	0	0	0
Acer163b_S292_L001	19	0	0	0	0	0	0	0	0	0	0	0	0	0	0	0	0
Acer164_S177_L001	24	0	0	0	0	0	0	1	0	0	0	0	0	0	0	0	0
Acer165_S189_L001	87	0	3	0	0	5	0	1	1	2	0	0	0	0	0	0	0
Acer166_S118_L001	27	0	0	0	0	0	0	0	0	0	0	0	0	0	0	0	0
Acer167_S196_L001	43	1	0	0	0	0	1	0	0	0	0	0	1	0	0	0	0
Acer168_S197_L001	5	0	0	0	0	0	0	0	0	0	0	0	0	0	0	0	0
Acer169_S198_L001	8	0	0	0	0	0	0	0	0	0	0	0	0	0	0	0	0
Acer16_S16_L001	29	0	0	0	0	1	1	1	0	0	1	0	0	0	0	0	0
Acer170_S199_L001	14	0	0	0	0	0	0	0	0	0	0	0	0	0	0	0	0
Acer171_S200_L001	23	0	0	0	0	0	0	0	0	0	0	0	0	0	0	0	0
Acer172_S201_L001	19	0	0	0	0	0	0	0	0	0	0	0	0	0	0	0	0
Acer173_S202_L001	15	0	0	0	0	0	0	0	0	0	0	0	0	0	0	0	0
Acer174_S203_L001	13	0	0	0	0	0	0	0	0	0	0	0	0	0	0	0	0
Acer175_S204_L001	57	1	1	0	1	0	0	2	0	0	0	0	0	0	0	0	0
Acer176_S205_L001	59	0	1	0	1	1	0	1	0	0	0	0	0	0	0	0	0
Acer177_S206_L001	7	0	0	0	0	0	0	0	0	0	0	0	0	0	0	0	0
Acer178_S207_L001	177	6	8	4	2	1	5	4	1	2	0	0	4	2	4	0	0
Acer179_S208_L001	52	0	0	0	0	2	0	0	0	0	0	0	0	0	0	0	0
Acer17_S17_L001	75	3	1	3	1	0	6	2	1	0	1	0	0	1	0	0	0
Acer180_S209_L001	38	2	0	1	1	0	1	1	1	0	0	0	1	0	0	0	0
Acer181_S210_L001	45	0	0	0	0	0	0	0	0	0	0	0	0	0	0	0	0
Acer182_S211_L001	35	0	0	1	0	0	1	1	0	0	0	0	0	0	0	0	0
Acer183_S212_L001	62	1	0	0	1	0	0	0	1	0	0	0	1	0	0	0	0
Acer184_S213_L001	53	0	0	0	1	1	1	0	0	0	0	0	0	0	0	0	0
Acer185_S214_L001	18	0	0	0	0	0	0	0	0	0	0	0	0	0	0	0	0
Acer186_S215_L001	42	0	0	0	1	1	0	0	0	0	0	0	2	1	0	0	0
Acer187_S216_L001	81	3	1	0	0	1	0	1	0	1	0	1	1	1	0	0	0
Acer188_S217_L001	10	0	0	0	0	0	0	0	0	0	0	0	0	0	0	0	0
Acer189_S218_L001	22	0	0	0	0	0	1	0	0	0	0	0	0	0	0	0	0
Acer18_S18_L001	12	0	0	0	0	0	0	0	0	0	0	0	0	0	0	0	0
Acer190_S219_L001	11	0	0	0	0	0	0	0	0	0	0	0	0	0	0	0	0
Acer191_S220_L001	17	0	0	0	0	0	0	0	0	0	0	0	0	0	0	0	0
Acer192_S221_L001	10	0	0	0	0	0	0	0	0	0	0	0	0	0	0	0	0
Acer193_S222_L001	14	1	0	0	0	0	0	0	0	0	0	1	0	0	0	0	0
Acer194_S223_L001	20	0	0	0	0	0	0	0	0	0	0	0	0	0	0	0	0
Acer195_S224_L001	45	0	0	1	0	0	1	0	0	1	0	0	0	0	0	0	0
Acer196_S225_L001	27	0	0	0	0	0	0	0	0	0	0	0	0	0	0	0	0
Acer197_S226_L001	43	0	0	1	0	0	2	0	0	1	0	0	0	0	0	0	0
Acer198_S227_L001	42	0	0	0	0	0	0	0	0	0	0	0	0	0	0	0	0
Acer199_S228_L001	61	3	1	0	0	1	0	0	0	2	0	0	0	0	0	0	0
Acer19_S19_L001	15	0	0	0	0	0	0	0	0	0	0	0	0	0	0	0	0
Acer1_S1_L001	14	0	0	0	0	0	0	0	0	0	0	0	0	1	0	0	0
Acer200_S229_L001	18	0	0	0	0	0	0	0	0	0	0	0	0	0	0	0	0
Acer201_S230_L001	84	2	0	1	2	4	2	0	0	1	0	0	1	1	0	0	1
Acer202_S231_L001	19	0	0	0	0	0	0	0	0	0	1	0	0	0	0	0	0
Acer203_S232_L001	37	0	0	0	0	0	0	0	0	1	0	0	0	0	0	0	0
Acer204_S233_L001	21	0	0	0	0	0	0	0	0	0	0	0	0	0	0	0	0
Acer205_S234_L001	23	1	0	0	0	0	0	0	0	1	0	0	0	0	0	0	0
Acer206_S235_L001	24	0	0	0	0	0	1	0	0	0	0	0	0	0	0	0	0
Acer207R_S301_L001	132	4	3	0	1	1	3	3	2	0	1	0	0	1	0	1	0
Acer207_S236_L001	17	0	0	0	0	0	0	0	0	0	0	0	0	0	0	0	0
Acer208R_S302_L001	143	3	7	2	2	1	5	0	2	2	1	0	3	1	0	0	0
Acer208_S237_L001	22	0	0	0	0	0	0	0	0	0	0	0	0	0	0	0	0
Acer209_S238_L001	55	0	1	0	1	1	0	1	0	0	0	0	0	0	0	0	0
Acer20_S20_L001	17	0	0	0	0	0	0	0	0	0	0	0	0	0	0	0	0
Acer210_S239_L001	14	0	0	0	0	0	0	0	0	0	0	0	0	0	0	0	0
Acer211_S240_L001	21	0	0	0	1	0	0	0	0	0	1	0	0	0	0	0	0
Acer212R_S303_L001	87	2	2	3	1	0	2	3	1	1	0	1	0	0	1	0	0
Acer212_S241_L001	57	1	0	0	0	0	2	0	0	0	0	0	2	0	0	0	0
Acer213_S242_L001	29	0	0	0	0	0	0	0	0	0	0	0	0	0	0	0	0
Acer214_S243_L001	50	0	0	0	0	0	2	0	0	0	0	0	0	0	0	0	0
Acer215R_S304_L001	125	4	5	4	0	0	0	2	0	0	2	0	1	1	0	0	0
Acer215_S244_L001	46	0	0	1	0	1	0	0	0	0	2	0	0	0	0	0	0
Acer216_S245_L001	314	7	13	14	11	16	18	19	12	11	19	11	10	7	4	1	1
Acer217R_S305_L001	139	9	8	3	7	5	5	2	0	2	1	0	0	0	0	0	0
Acer217_S246_L001	90	3	1	0	0	0	1	0	0	0	0	0	0	0	0	0	0
Acer218_S247_L001	39	0	0	2	0	0	0	0	0	0	0	0	0	0	0	0	0
Acer219_S248_L001	44	1	1	0	1	1	2	0	0	0	0	0	1	0	0	0	0
Acer21_S21_L001	12	0	0	0	0	0	0	0	0	0	0	0	0	0	0	0	0
Acer220_S249_L001	125	3	5	0	2	3	7	1	0	0	4	0	2	0	0	0	0
Acer221_S250_L001	75	0	0	0	0	1	4	0	0	0	0	0	3	0	0	0	0
Acer222R_S306_L001	120	2	5	3	1	3	0	1	3	0	0	1	1	0	0	0	0
Acer222_S251_L001	42	0	0	0	1	0	0	0	0	0	0	0	0	0	0	0	0
Acer223R_S307_L001	156	6	2	2	0	3	3	4	2	2	0	0	0	0	1	0	0
Acer223_S252_L001	55	2	1	0	4	0	3	0	1	0	0	0	0	0	1	0	0
Acer224_S253_L001	59	4	0	0	0	0	6	1	0	0	0	0	0	0	0	0	0
Acer225R_S308_L001	341	10	13	18	17	11	6	7	7	5	5	8	5	3	2	1	0
Acer225_S254_L001	23	0	0	0	0	0	0	0	0	0	0	0	0	0	0	0	0
Acer226_S255_L001	25	0	0	0	0	0	0	0	0	0	0	0	1	0	0	0	0
Acer227_S256_L001	16	0	0	0	0	0	0	0	0	0	0	0	0	0	0	0	0
Acer228_S257_L001	59	0	0	1	1	0	4	1	0	0	0	0	1	1	0	0	0
Acer229_S258_L001	32	0	0	0	0	0	0	0	1	0	0	0	0	0	0	0	0
Acer22_S22_L001	11	0	0	0	0	0	0	0	0	0	0	0	0	0	0	0	0
Acer230_S259_L001	51	0	0	0	0	0	0	0	0	0	0	0	1	0	0	0	0
Acer231_S260_L001	58	0	0	0	1	0	0	1	0	0	0	0	0	0	0	0	0
Acer232R_S309_L001	149	1	1	4	2	1	1	0	1	0	1	0	0	0	0	0	0
Acer232_S261_L001	65	1	2	0	0	1	1	0	0	0	0	0	0	0	0	0	0
Acer233_S262_L001	40	0	0	0	0	0	0	0	0	0	1	0	0	0	0	0	0
Acer234R_S310_L001	85	1	4	2	1	1	0	1	1	0	0	0	0	1	0	0	0
Acer234_S263_L001	86	0	0	1	1	1	0	0	2	0	0	1	0	1	0	0	0
Acer235R_S311_L001	48	1	2	1	0	0	2	2	0	0	0	0	0	0	1	0	0
Acer235_S264_L001	90	3	1	0	1	6	4	0	0	1	1	0	0	0	0	0	0
Acer236R_S312_L001	100	1	4	4	1	2	1	1	1	1	0	0	0	0	0	0	0
Acer236_S265_L001	37	0	0	0	1	0	1	0	0	0	0	0	0	0	0	0	0
Acer237_S266_L001	50	3	4	2	1	1	2	1	0	0	0	0	2	0	0	0	0
Acer238_S267_L001	50	1	1	0	0	1	0	0	0	0	0	0	0	0	0	0	0
Acer239_S268_L001	63	0	0	0	1	0	1	1	1	2	1	0	0	0	0	0	0
Acer23_S23_L001	8	0	0	0	0	0	0	0	0	0	0	0	0	0	0	0	0
Acer240_S269_L001	38	1	0	2	0	0	0	0	0	0	0	0	0	0	0	0	0
Acer241_S270_L001	42	0	0	0	0	0	1	0	0	0	0	1	0	0	0	0	0
Acer242_S271_L001	42	0	0	0	0	1	0	0	0	0	0	0	0	0	0	0	0
Acer243_S272_L001	42	0	0	0	1	0	0	0	0	0	0	0	0	0	1	1	0
Acer244_S108_L001	119	2	1	1	4	3	0	2	0	1	3	0	0	2	0	0	0
Acer245_S120_L001	20	0	0	0	0	0	0	0	0	0	0	0	0	0	0	0	0
Acer246_S132_L001	98	6	1	1	2	2	0	4	0	2	0	1	0	0	0	0	0
Acer247_S144_L001	42	1	0	0	0	0	1	0	0	0	0	0	0	0	0	0	0
Acer248_S156_L001	22	1	0	0	0	0	0	0	0	1	0	0	0	0	0	0	0
Acer249_S168_L001	25	0	0	0	0	0	1	1	0	0	0	0	0	0	0	0	0
Acer24_S24_L001	12	0	0	0	0	0	0	0	0	0	0	0	0	0	0	0	0
Acer250_S180_L001	84	0	0	5	0	1	2	0	1	0	2	2	0	2	0	0	0
Acer251_S192_L001	49	2	3	0	1	2	0	1	0	0	1	0	0	0	0	0	0
Acer252_S273_L001	26	0	1	1	0	0	3	0	0	0	1	0	0	0	0	0	0
Acer253_S274_L001	40	0	1	0	0	0	0	0	0	0	0	1	0	0	0	0	0
Acer254_S275_L001	25	0	0	0	0	0	0	0	0	0	0	0	0	0	0	0	0
Acer255_S276_L001	39	1	0	0	0	0	3	1	0	0	0	0	1	0	0	0	0
Acer256_S277_L001	80	1	0	1	0	2	2	1	0	0	0	0	0	0	0	0	0
Acer257_S278_L001	26	0	2	0	1	0	1	0	0	0	0	0	2	0	0	0	0
Acer258_S279_L001	43	1	1	0	1	0	3	1	0	0	1	0	2	0	0	0	0
Acer259_S280_L001	40	1	0	0	0	0	0	0	0	0	0	0	0	0	0	0	1
Acer25_S25_L001	11	0	0	0	0	0	0	0	0	0	0	0	0	0	0	0	0
Acer260_S281_L001	23	0	0	0	0	0	0	0	0	0	0	0	0	0	0	0	0
Acer261_S282_L001	58	1	0	1	0	2	3	1	0	0	0	1	2	0	0	0	0
Acer262_S283_L001	53	1	0	0	0	0	1	0	0	0	0	0	0	0	0	0	0
Acer263_S284_L001	50	0	0	0	0	0	1	0	0	0	0	0	0	0	0	0	0
Acer264_S285_L001	60	0	0	0	0	0	0	1	0	0	1	0	1	0	1	0	0
Acer265_S286_L001	81	2	2	1	0	0	2	1	0	0	0	2	0	0	0	0	0
Acer266_S287_L001	19	0	0	0	0	0	0	0	0	0	0	0	0	0	0	0	0
Acer267_S288_L001	39	1	1	0	1	0	3	1	0	0	1	0	1	0	0	0	0
Acer268_S107_L001	69	2	1	0	0	0	3	2	0	0	0	0	0	0	0	0	0
Acer269_S119_L001	11	0	0	0	0	0	0	0	0	0	0	0	0	0	0	0	0
Acer26_S26_L001	22	1	0	0	0	0	0	0	0	0	0	1	0	1	0	0	0
Acer270_S131_L001	55	6	1	1	0	1	1	0	0	0	0	0	0	0	0	0	0
Acer271_S143_L001	58	1	0	1	0	0	1	0	0	0	1	1	0	0	0	0	0
Acer272_S155_L001	1	0	0	0	0	0	0	0	0	0	0	0	0	0	0	0	0
Acer272b_S300_L001	62	0	0	0	0	0	0	0	0	0	0	0	1	0	0	0	0
Acer273_S167_L001	188	7	2	2	2	2	3	1	0	1	1	0	0	3	0	0	0
Acer274_S179_L001	105	1	2	0	0	2	1	0	1	1	5	0	0	1	0	0	0
Acer275_S154_L001	39	0	0	1	0	0	0	2	0	1	0	0	0	0	0	0	0
Acer276_S166_L001	99	1	0	3	2	1	2	1	0	1	0	0	0	2	0	0	0
Acer277_S178_L001	109	3	3	0	2	2	3	1	2	1	2	1	0	0	0	0	0
Acer279_S130_L001	109	5	3	0	2	1	1	0	2	3	1	0	0	0	0	0	0
Acer27_S27_L001	30	0	0	0	0	0	0	1	0	2	0	0	0	0	0	0	0
Acer28_S28_L001	30	0	0	0	0	0	1	0	0	0	0	0	0	0	0	0	0
Acer29_S29_L001	34	0	0	0	0	0	0	0	0	0	0	0	0	0	0	0	0
Acer2_S2_L001	24	0	0	1	0	0	0	0	0	0	0	1	0	0	0	0	0
Acer30_S30_L001	18	1	0	0	0	0	0	0	0	0	0	0	0	0	0	0	0
Acer31_S31_L001	24	0	0	0	0	0	1	0	0	0	1	1	0	0	0	0	0
Acer32_S32_L001	19	0	0	1	0	0	0	0	0	1	0	0	0	0	0	0	0
Acer339_S313_L001	99	0	2	1	0	3	1	2	1	1	1	0	0	0	0	0	0
Acer33_S33_L001	10	0	0	0	0	2	0	0	0	1	0	0	0	0	0	0	0
Acer340_S314_L001	133	6	2	2	4	3	2	3	3	0	0	0	1	1	0	0	0
Acer341_S315_L001	242	4	4	3	6	4	6	3	1	1	2	0	2	0	0	0	0
Acer343_S316_L001	265	15	7	8	8	6	2	3	0	3	0	1	0	0	0	0	0
Acer345_S317_L001	159	3	4	2	2	2	3	1	1	3	1	0	1	0	0	0	0
Acer346_S318_L001	79	3	3	1	0	1	3	1	2	1	1	0	0	0	0	0	0
Acer34_S34_L001	21	2	2	0	0	0	0	0	0	0	0	0	0	0	0	0	0
Acer350_S319_L001	109	0	5	2	2	4	5	1	0	1	1	1	0	0	0	0	0
Acer355_S320_L001	102	1	1	2	2	1	3	0	0	0	3	0	0	0	0	0	0
Acer356_S321_L001	73	0	1	0	0	1	2	2	0	0	0	0	1	0	0	0	0
Acer357_S322_L001	95	2	4	0	1	1	1	1	0	0	0	0	0	0	1	0	0
Acer358_S323_L001	16	0	0	0	0	0	0	0	0	0	0	0	0	0	0	0	0
Acer35_S35_L001	23	0	0	1	0	0	0	0	0	0	0	0	0	0	0	0	0
Acer362_S324_L001	65	1	1	0	1	1	1	0	0	0	0	0	0	0	0	0	0
Acer364_S325_L001	248	13	6	1	1	5	4	0	2	1	0	0	0	0	0	0	1
Acer365_S326_L001	186	11	6	2	1	1	2	1	2	2	1	0	1	1	0	0	0
Acer366_S327_L001	63	0	1	0	0	0	3	0	1	1	0	0	2	0	0	0	0
Acer367_S328_L001	205	7	3	2	4	1	7	0	2	1	2	1	1	1	1	0	0
Acer369_S329_L001	288	16	4	4	2	8	7	3	1	0	0	1	0	0	0	0	0
Acer36_S36_L001	8	1	0	0	0	0	1	0	0	0	0	0	0	0	0	0	0
Acer370_S330_L001	110	2	0	0	0	1	2	1	0	1	0	0	0	0	1	0	0
Acer372_S331_L001	402	15	12	7	8	8	7	1	0	5	0	0	0	0	0	0	0
Acer373_S332_L001	138	5	2	3	3	2	1	1	2	1	1	0	2	0	0	0	0
Acer37_S37_L001	35	0	0	1	0	0	0	0	2	0	0	0	0	1	0	0	0
Acer38_S38_L001	39	0	2	0	0	0	0	0	0	1	0	0	0	0	0	0	0
Acer395_S333_L001	137	0	3	2	1	2	1	0	0	0	2	0	2	0	0	0	0
Acer398_S334_L001	133	4	2	4	2	3	0	2	0	3	1	0	0	1	0	0	0
Acer39_S39_L001	15	0	0	0	0	0	0	0	0	0	0	0	0	0	0	0	0
Acer3_S3_L001	11	0	0	0	0	0	0	0	0	0	0	0	0	0	0	0	0
Acer402_S335_L001	129	7	1	2	1	1	1	3	2	1	2	1	0	0	0	0	0
Acer406_S336_L001	103	1	2	3	0	3	3	3	1	2	1	0	2	0	0	0	0
Acer40_S40_L001	98	5	5	3	0	1	2	4	2	1	3	0	2	0	0	0	0
Acer410_S337_L001	113	3	3	3	0	1	1	2	3	3	1	2	3	0	0	0	0
Acer413_S338_L001	230	10	5	4	5	5	0	0	0	3	0	0	0	0	0	0	0
Acer414_S339_L001	79	3	2	0	0	1	1	0	0	2	1	0	0	1	0	0	0
Acer415_S340_L001	81	4	1	1	1	0	2	2	0	1	0	0	0	1	0	0	0
Acer416_S341_L001	62	1	0	1	0	0	0	1	0	0	0	0	0	0	0	0	0
Acer419_S342_L001	96	1	1	2	0	1	0	0	0	0	0	0	0	0	0	0	0
Acer41_S41_L001	48	1	2	2	1	0	1	1	0	0	2	0	0	0	1	0	0
Acer42_S42_L001	14	0	0	0	0	0	0	1	0	0	0	0	0	0	1	0	0
Acer43_S43_L001	46	4	0	2	1	1	0	1	0	0	0	0	0	0	0	0	0
Acer44_S44_L001	34	0	1	0	0	0	1	0	0	0	1	0	0	0	0	0	0
Acer45_S45_L001	6	0	0	0	0	0	0	0	0	0	0	0	0	0	0	0	0
Acer46_S46_L001	26	1	0	2	0	0	0	0	0	0	0	0	0	0	0	0	0
Acer47_S47_L001	6	0	0	0	0	0	0	0	0	0	0	0	0	0	0	0	0
Acer48_S48_L001	3	0	0	0	0	0	0	0	0	0	0	0	0	0	0	0	0
Acer49_S49_L001	13	0	1	0	0	0	0	0	0	0	0	0	0	0	0	0	0
Acer4_S4_L001	7	1	1	0	0	0	0	0	0	0	0	0	0	0	0	0	0
Acer504_S343_L001	19	0	1	0	0	0	0	0	0	0	0	0	0	0	0	0	0
Acer506_S344_L001	136	9	6	1	0	1	2	2	0	1	0	0	0	0	0	0	0
Acer508_S345_L001	100	2	3	2	0	1	1	1	0	0	0	1	0	0	0	0	0
Acer50_S50_L001	53	1	2	1	1	0	1	0	0	0	0	0	0	0	0	0	0
Acer513_S346_L001	85	6	1	2	0	2	2	4	0	1	1	0	0	0	0	0	0
Acer515_S347_L001	84	11	5	3	3	5	4	3	2	3	3	1	1	0	0	0	0
Acer51_S51_L001	33	1	1	0	0	0	1	0	0	0	0	0	0	0	0	0	0
Acer528_S348_L001	157	6	6	9	7	5	7	1	1	6	3	3	1	2	1	0	0
Acer52_S52_L001	19	0	0	0	0	0	0	0	0	0	0	0	0	0	0	0	0
Acer534_S349_L001	34	2	0	0	0	1	0	0	0	0	0	1	0	0	1	0	0
Acer538_S350_L001	38	0	0	0	0	1	0	0	0	0	0	0	0	0	0	0	0
Acer53_S53_L001	20	1	0	0	0	0	1	0	0	0	0	0	0	0	0	0	0
Acer547_S351_L001	6	0	0	0	0	0	0	1	0	0	0	0	0	0	0	0	0
Acer548_S352_L001	23	0	0	0	0	0	0	0	0	1	0	0	0	0	0	0	0
Acer54_S54_L001	22	1	1	0	0	1	2	0	1	0	0	0	0	0	0	0	0
Acer553_S353_L001	25	0	1	2	1	1	0	0	0	0	0	0	0	0	0	0	0
Acer554_S354_L001	19	1	0	0	0	0	0	0	0	0	0	0	0	0	0	0	0
Acer555_S355_L001	18	0	1	0	0	0	1	0	0	0	0	0	0	0	0	0	0
Acer556_S356_L001	19	0	0	0	0	0	0	0	0	0	0	1	0	0	0	0	0
Acer557_S357_L001	22	2	0	1	0	0	0	0	0	0	0	0	0	0	0	0	0
Acer558_S358_L001	107	3	5	2	1	2	0	0	1	2	1	1	0	1	3	0	0
Acer559_S359_L001	151	6	4	9	2	4	4	2	0	1	2	0	0	0	1	0	0
Acer55_S55_L001	22	0	0	0	1	0	0	0	1	0	0	2	0	0	0	0	0
Acer565_S360_L001	78	2	1	1	0	0	1	0	1	1	3	1	0	0	0	0	0
Acer569_S361_L001	46	1	0	0	0	0	2	0	1	0	0	1	1	0	0	0	0
Acer56_S56_L001	11	0	0	0	0	0	0	0	0	0	0	0	0	0	0	0	0
Acer572_S362_L001	135	2	6	3	3	2	2	0	0	1	2	2	0	0	0	0	0
Acer575_S363_L001	132	2	2	2	2	2	4	1	1	2	1	1	1	0	0	0	0
Acer576_S364_L001	73	0	1	0	0	0	0	1	0	0	1	1	1	0	0	0	0
Acer57_S57_L001	6	0	0	0	0	0	0	0	0	0	0	0	0	0	0	0	0
Acer581_S365_L001	58	0	2	1	0	1	2	0	0	0	0	0	0	0	0	0	0
Acer584_S366_L001	22	0	0	0	0	0	0	0	0	1	0	0	0	0	0	0	0
Acer58_S58_L001	10	0	0	0	0	0	0	0	0	0	0	0	0	0	0	0	0
Acer590_S367_L001	113	4	3	5	1	1	4	1	0	1	0	0	2	0	0	0	0
Acer591_S368_L001	15	0	0	0	0	0	0	0	0	0	0	0	0	0	0	0	0
Acer594_S369_L001	107	1	2	0	1	1	3	2	4	0	1	1	0	0	1	0	0
Acer595_S370_L001	74	1	2	1	0	2	1	0	0	2	1	2	0	0	0	0	0
Acer596_S371_L001	70	0	0	0	0	0	0	0	0	0	3	0	0	0	0	0	0
Acer59_S59_L001	4	0	0	0	0	0	0	0	0	0	0	0	0	0	0	0	0
Acer5_S5_L001	24	0	0	1	0	0	0	1	1	0	0	0	0	0	0	0	0
Acer607_S372_L001	45	0	1	0	0	0	0	0	0	0	2	0	1	0	0	0	0
Acer60_S60_L001	17	0	1	0	0	0	0	0	0	0	0	0	0	0	0	0	0
Acer61_S61_L001	23	0	0	1	0	0	0	0	0	0	0	0	0	0	0	0	0
Acer62_S62_L001	8	0	0	0	0	0	0	0	0	0	0	0	0	0	0	0	0
Acer63_S63_L001	16	0	1	0	0	1	0	0	0	0	0	0	0	0	0	0	0
Acer64_S64_L001	5	0	0	0	0	0	0	0	0	0	0	0	0	0	0	0	0
Acer65_S65_L001	3	0	0	0	0	0	0	0	0	0	0	0	0	0	0	0	0
Acer66_S66_L001	3	0	0	0	0	0	0	0	0	0	0	0	0	0	0	0	0
Acer67_S67_L001	1	0	0	0	0	0	0	0	0	0	0	0	0	0	0	0	0
Acer67b_S293_L001	108	1	6	1	3	1	1	2	1	1	0	1	0	0	0	0	0
Acer67c_S294_L001	234	14	7	4	4	3	3	0	1	0	3	1	2	0	0	1	0
Acer68b_S289_L001	112	1	8	2	0	1	0	1	0	0	0	2	0	0	0	0	0
Acer68c_S295_L001	133	4	7	4	2	5	1	2	0	1	1	0	0	0	0	0	0
Acer69b_S296_L001	121	3	9	1	2	0	3	1	0	0	2	0	1	0	0	0	0
Acer6_S6_L001	74	3	2	2	0	2	4	1	0	0	1	0	0	1	0	0	0
Acer70b_S297_L001	21	0	0	2	0	0	0	0	0	0	0	0	0	0	0	0	0
Acer71b_S298_L001	5	0	0	0	0	0	0	0	0	0	0	0	0	0	0	0	0
Acer72_S72_L001	2	0	0	0	0	0	0	0	0	0	0	0	0	0	0	0	0
Acer73_S73_L001	12	0	1	0	1	0	0	0	0	0	0	0	0	0	0	0	0
Acer74b_S299_L001	13	0	0	0	0	0	0	0	0	0	1	0	0	0	0	0	0
Acer75_S74_L001	17	0	1	0	0	0	0	0	0	0	0	0	0	0	0	0	0
Acer76_S76_L001	15	0	0	0	0	0	0	0	0	0	0	0	1	0	0	0	0
Acer77_S77_L001	26	1	1	1	0	0	1	0	0	0	0	0	0	0	0	0	0
Acer78_S78_L001	25	1	0	0	0	1	0	0	0	0	0	0	0	0	0	0	0
Acer79_S79_L001	49	3	3	1	0	0	1	1	1	0	2	1	1	2	0	0	0
Acer7_S7_L001	14	0	1	0	0	0	0	0	0	0	0	0	0	0	0	0	0
Acer80_S80_L001	11	2	0	0	0	0	0	0	0	0	0	0	0	0	0	0	0
Acer81_S81_L001	106	5	2	2	2	1	5	4	1	0	2	2	1	1	0	0	0
Acer82_S82_L001	9	1	0	0	0	0	0	0	0	0	0	0	0	0	0	0	0
Acer83_S83_L001	11	0	0	0	0	0	0	0	0	0	0	0	0	0	0	0	0
Acer84_S84_L001	110	9	2	5	1	3	2	2	0	2	0	0	0	0	0	0	0
Acer85_S85_L001	30	0	2	1	0	0	0	0	0	0	0	0	0	0	0	0	0
Acer86_S86_L001	17	0	1	0	0	0	0	0	0	0	0	0	0	0	0	0	0
Acer87_S87_L001	14	0	0	0	0	0	1	0	0	0	0	0	0	0	0	0	0
Acer88_S88_L001	16	0	0	0	0	0	0	0	0	0	0	0	0	0	0	0	0
Acer89_S89_L001	69	1	0	2	1	0	0	0	0	0	0	0	0	0	0	0	0
Acer8_S8_L001	21	1	1	0	0	0	0	0	1	0	1	0	0	0	0	0	0
Acer90_S90_L001	20	0	1	0	0	0	0	1	0	0	1	0	0	0	0	0	0
Acer91_S91_L001	102	2	1	3	1	0	1	0	0	0	0	0	0	0	0	0	0
Acer92_S92_L001	27	0	2	0	1	0	0	1	0	0	0	0	0	0	0	0	0
Acer93_S141_L001	42	2	0	0	0	0	1	0	0	0	0	0	0	0	0	0	0
Acer94_S153_L001	43	1	1	0	0	1	1	0	0	1	0	0	0	0	0	0	0
Acer95_S165_L001	107	4	3	1	2	5	0	0	0	0	1	0	0	0	0	0	0
Acer96_S97_L001	24	0	0	1	0	0	1	0	0	0	0	0	0	0	0	0	0
Acer97_S109_L001	46	1	1	1	0	0	1	0	1	0	1	0	0	0	0	0	0
Acer98_S121_L001	39	0	0	0	0	1	0	2	0	0	0	0	0	0	0	0	0
Acer99_S133_L001	244	12	23	4	5	5	8	1	1	6	3	0	0	1	2	0	0
Acer9_S9_L001	11	0	0	0	0	0	0	0	0	0	0	0	0	0	0	0	0
AcerDNAblankP1_S96_L001	5	0	0	0	0	0	0	0	0	0	0	0	0	1	0	0	0
AcerMOCKP2_S190_L001	98	25	18	8	13	10	10	7	7	3	5	4	2	2	0	0	0
AcerMOCKP4_S291_L001	539	138	75	83	87	50	35	25	26	25	13	21	4	4	1	0	0
AcerMockP1_S95_L001	17	1	0	0	4	1	0	0	0	4	0	2	0	0	0	0	0
AcerMockP3_S193_L001	36	1	0	0	4	1	0	0	0	4	0	2	0	0	0	0	0
AcerNTCP2a_S106_L001	2	0	0	0	0	0	0	0	0	0	0	0	0	0	0	0	0
AcerNTCP3a_S194_L001	2	0	0	0	0	0	0	0	0	1	0	0	0	0	0	0	0
AcerNTCP3b_S195_L001	2	1	0	0	0	0	1	0	0	0	0	0	0	0	0	0	0
AcerNTCP4a_S290_L001	5	0	0	0	1	1	0	0	0	0	0	0	0	0	0	0	0
